2020 National Employment Matrix title,2021 National Employment Matrix code,Occupation type,"Employment, 2021","Employment, 2031","Employment distribution, percent, 2021","Employment distribution, percent, 2031","Employment change, 2021-31","Percent employment change, 2021-31","Occupational openings, 2021-31 annual average"
"Total, all occupations",00-0000,Summary,"158,134.7","166,452.1",100.0,100.0,"8,317.4",5.3,"19,532.5"
Management occupations,11-0000,Summary,"11,685.3","12,569.2",7.4,7.6,883.9,7.6,"1,101.8"
Top executives,11-1000,Summary,"3,447.8","3,638.6",2.2,2.2,190.7,5.5,321.9
Chief executives,11-1011,Line item,283.9,263.3,0.2,0.2,-20.6,-7.3,17.7
General and operations managers,11-1021,Line item,"3,118.4","3,328.2",2.0,2.0,209.8,6.7,300.4
Legislators,11-1031,Line item,45.5,47.0,0.0,0.0,1.5,3.3,3.8
"Advertising, marketing, promotions, public relations, and sales managers",11-2000,Summary,914.9,980.4,0.6,0.6,65.5,7.2,86.3
Advertising and promotions managers,11-2011,Line item,28.0,30.0,0.0,0.0,2.0,7.1,3.0
Marketing and sales managers,11-2020,Summary,788.8,844.3,0.5,0.5,55.4,7.0,74.1
Marketing managers,11-2021,Line item,319.0,350.7,0.2,0.2,31.7,9.9,32.2
Sales managers,11-2022,Line item,469.8,493.6,0.3,0.3,23.8,5.1,41.9
Public relations and fundraising managers,11-2030,Summary,98.1,106.2,0.1,0.1,8.1,8.3,9.1
Public relations managers,11-2032,Line item,66.7,71.7,0.0,0.0,5.0,7.6,6.1
Fundraising managers,11-2033,Line item,31.4,34.5,0.0,0.0,3.0,9.7,3.0
Operations specialties managers,11-3000,Summary,"2,243.3","2,510.8",1.4,1.5,267.5,11.9,208.9
Administrative services and facilities managers,11-3010,Summary,348.1,371.7,0.2,0.2,23.6,6.8,31.9
Administrative services managers,11-3012,Line item,239.0,255.1,0.2,0.2,16.1,6.7,22.0
Facilities managers,11-3013,Line item,109.1,116.6,0.1,0.1,7.6,6.9,9.9
Computer and information systems managers,11-3021,Line item,509.1,591.5,0.3,0.4,82.4,16.2,48.5
Financial managers,11-3031,Line item,730.8,854.0,0.5,0.5,123.1,16.8,71.3
Industrial production managers,11-3051,Line item,203.8,210.9,0.1,0.1,7.1,3.5,15.4
Purchasing managers,11-3061,Line item,72.8,75.6,0.0,0.0,2.8,3.8,6.3
"Transportation, storage, and distribution managers",11-3071,Line item,150.7,163.4,0.1,0.1,12.7,8.4,14.2
Compensation and benefits managers,11-3111,Line item,15.7,15.9,0.0,0.0,0.2,1.5,1.2
Human resources managers,11-3121,Line item,174.2,186.9,0.1,0.1,12.6,7.3,16.3
Training and development managers,11-3131,Line item,38.1,40.9,0.0,0.0,2.9,7.5,3.7
Other management occupations,11-9000,Summary,"5,079.3","5,439.5",3.2,3.3,360.2,7.1,484.8
"Farmers, ranchers, and other agricultural managers",11-9013,Line item,847.6,824.0,0.5,0.5,-23.6,-2.8,85.6
Construction managers,11-9021,Line item,478.5,514.9,0.3,0.3,36.4,7.6,41.5
Education and childcare administrators,11-9030,Summary,637.7,679.6,0.4,0.4,41.9,6.6,52.9
"Education and childcare administrators, preschool and daycare",11-9031,Line item,74.6,80.8,0.0,0.0,6.2,8.3,6.4
"Education administrators, kindergarten through secondary",11-9032,Line item,292.2,306.5,0.2,0.2,14.2,4.9,23.5
"Education administrators, postsecondary",11-9033,Line item,210.1,225.6,0.1,0.1,15.5,7.4,17.6
"Education administrators, all other",11-9039,Line item,60.8,66.8,0.0,0.0,6.0,9.9,5.3
Architectural and engineering managers,11-9041,Line item,191.1,195.5,0.1,0.1,4.4,2.3,14.0
Food service managers,11-9051,Line item,329.1,361.4,0.2,0.2,32.3,9.8,45.0
Entertainment and recreation managers,11-9070,Summary,25.7,29.9,0.0,0.0,4.1,16.0,3.5
Gambling managers,11-9071,Line item,4.1,4.7,0.0,0.0,0.5,13.0,0.5
"Entertainment and recreation managers, except gambling",11-9072,Line item,21.6,25.2,0.0,0.0,3.6,16.5,3.0
Lodging managers,11-9081,Line item,51.2,60.4,0.0,0.0,9.2,18.0,7.1
Medical and health services managers,11-9111,Line item,480.7,616.9,0.3,0.4,136.2,28.3,56.6
Natural sciences managers,11-9121,Line item,78.8,83.4,0.0,0.1,4.6,5.9,6.9
Postmasters and mail superintendents,11-9131,Line item,12.3,11.7,0.0,0.0,-0.6,-4.8,0.9
"Property, real estate, and community association managers",11-9141,Line item,392.9,404.0,0.2,0.2,11.1,2.8,33.3
Social and community service managers,11-9151,Line item,173.7,194.1,0.1,0.1,20.4,11.7,18.0
Emergency management directors,11-9161,Line item,10.6,10.9,0.0,0.0,0.3,2.5,0.9
Personal service managers,11-9170,Summary,63.6,68.6,0.0,0.0,5.0,7.8,5.7
Funeral home managers,11-9171,Line item,40.7,43.5,0.0,0.0,2.8,6.9,3.6
"Personal service managers, all other",11-9179,Line item,22.9,25.1,0.0,0.0,2.2,9.5,2.1
"Managers, all other",11-9199,Line item,"1,305.8","1,384.3",0.8,0.8,78.4,6.0,113.1
Business and financial operations occupations,13-0000,Summary,"9,987.4","10,702.5",6.3,6.4,715.1,7.2,980.2
Business operations specialists,13-1000,Summary,"6,766.8","7,283.0",4.3,4.4,516.2,7.6,688.6
"Agents and business managers of artists, performers, and athletes",13-1011,Line item,22.6,25.7,0.0,0.0,3.1,13.8,2.8
Buyers and purchasing agents,13-1020,Line item,459.8,427.5,0.3,0.3,-32.2,-7.0,41.0
"Claims adjusters, appraisers, examiners, and investigators",13-1030,Summary,327.5,308.5,0.2,0.2,-19.0,-5.8,23.2
"Claims adjusters, examiners, and investigators",13-1031,Line item,314.3,295.9,0.2,0.2,-18.3,-5.8,22.3
"Insurance appraisers, auto damage",13-1032,Line item,13.2,12.5,0.0,0.0,-0.7,-5.3,0.9
Compliance officers,13-1041,Line item,354.0,369.1,0.2,0.2,15.1,4.3,30.2
Cost estimators,13-1051,Line item,212.1,207.7,0.1,0.1,-4.4,-2.1,18.5
Human resources workers,13-1070,Summary,849.0,906.4,0.5,0.5,57.4,6.8,87.9
Human resources specialists,13-1071,Line item,782.8,841.6,0.5,0.5,58.8,7.5,81.9
Farm labor contractors,13-1074,Line item,1.2,1.5,0.0,0.0,0.3,22.3,0.2
Labor relations specialists,13-1075,Line item,65.0,63.3,0.0,0.0,-1.7,-2.6,5.8
Logisticians and project management specialists,13-1080,Summary,976.3,"1,086.7",0.6,0.7,110.4,11.3,95.2
Logisticians,13-1081,Line item,195.0,249.1,0.1,0.1,54.1,27.7,24.8
Project management specialists,13-1082,Line item,781.4,837.6,0.5,0.5,56.3,7.2,70.4
Management analysts,13-1111,Line item,950.6,"1,059.0",0.6,0.6,108.4,11.4,101.9
"Meeting, convention, and event planners",13-1121,Line item,128.2,151.1,0.1,0.1,22.9,17.8,16.6
Fundraisers,13-1131,Line item,105.8,117.6,0.1,0.1,11.8,11.2,11.4
"Compensation, benefits, and job analysis specialists",13-1141,Line item,100.6,107.2,0.1,0.1,6.6,6.6,9.3
Training and development specialists,13-1151,Line item,354.8,383.7,0.2,0.2,28.9,8.1,36.5
Market research analysts and marketing specialists,13-1161,Line item,792.5,942.8,0.5,0.6,150.3,19.0,99.8
"Business operations specialists, all other",13-1199,Line item,"1,133.0","1,190.0",0.7,0.7,57.0,5.0,114.2
Financial specialists,13-2000,Summary,"3,220.6","3,419.4",2.0,2.1,198.9,6.2,291.6
Accountants and auditors,13-2011,Line item,"1,449.8","1,531.6",0.9,0.9,81.8,5.6,136.4
Property appraisers and assessors,13-2020,Line item,76.1,79.2,0.0,0.0,3.1,4.0,6.8
Budget analysts,13-2031,Line item,50.4,51.8,0.0,0.0,1.4,2.8,4.0
Credit analysts,13-2041,Line item,69.9,68.2,0.0,0.0,-1.8,-2.5,5.4
Financial analysts and advisors,13-2050,Summary,827.4,904.6,0.5,0.5,77.2,9.3,70.9
Financial and investment analysts,13-2051,Line item,317.3,344.6,0.2,0.2,27.3,8.6,26.9
Personal financial advisors,13-2052,Line item,330.3,381.2,0.2,0.2,50.9,15.4,30.5
Insurance underwriters,13-2053,Line item,123.3,117.8,0.1,0.1,-5.5,-4.5,8.4
Financial risk specialists,13-2054,Line item,56.5,61.1,0.0,0.0,4.6,8.1,5.1
Financial examiners,13-2061,Line item,62.8,76.0,0.0,0.0,13.2,21.0,6.8
Credit counselors and loan officers,13-2070,Summary,389.8,405.7,0.2,0.2,15.8,4.1,32.6
Credit counselors,13-2071,Line item,35.3,38.5,0.0,0.0,3.3,9.3,3.2
Loan officers,13-2072,Line item,354.6,367.1,0.2,0.2,12.6,3.5,29.4
"Tax examiners, collectors and preparers, and revenue agents",13-2080,Summary,163.2,163.8,0.1,0.1,0.6,0.3,17.3
"Tax examiners and collectors, and revenue agents",13-2081,Line item,55.3,51.6,0.0,0.0,-3.7,-6.7,4.3
Tax preparers,13-2082,Line item,107.9,112.1,0.1,0.1,4.3,3.9,13.0
"Financial specialists, all other",13-2099,Line item,131.1,138.7,0.1,0.1,7.6,5.8,11.4
Computer and mathematical occupations,15-0000,Summary,"4,951.5","5,716.3",3.1,3.4,764.8,15.4,449.2
Computer occupations,15-1200,Summary,"4,665.2","5,348.0",3.0,3.2,682.8,14.6,418.5
Computer and information analysts,15-1210,Summary,701.8,809.2,0.4,0.5,107.4,15.3,64.0
Computer systems analysts,15-1211,Line item,538.8,589.7,0.3,0.4,50.9,9.4,44.5
Information security analysts,15-1212,Line item,163.0,219.5,0.1,0.1,56.5,34.7,19.5
Computer and information research scientists,15-1221,Line item,33.5,40.6,0.0,0.0,7.1,21.3,3.3
Computer support specialists,15-1230,Summary,875.7,932.1,0.6,0.6,56.4,6.4,75.0
Computer network support specialists,15-1231,Line item,185.5,199.2,0.1,0.1,13.8,7.4,16.1
Computer user support specialists,15-1232,Line item,690.2,732.9,0.4,0.4,42.7,6.2,58.9
Database and network administrators and architects,15-1240,Summary,652.5,684.2,0.4,0.4,31.7,4.9,47.2
Computer network architects,15-1241,Line item,174.8,182.3,0.1,0.1,7.5,4.3,11.8
Database administrators,15-1242,Line item,91.8,99.2,0.1,0.1,7.4,8.1,7.2
Database architects,15-1243,Line item,52.7,58.1,0.0,0.0,5.4,10.3,4.3
Network and computer systems administrators,15-1244,Line item,333.2,344.5,0.2,0.2,11.3,3.4,23.9
"Software and web developers, programmers, and testers",15-1250,Summary,"1,993.7","2,432.8",1.3,1.5,439.0,22.0,194.3
Computer programmers,15-1251,Line item,174.4,156.6,0.1,0.1,-17.8,-10.2,9.6
Software developers,15-1252,Line item,"1,425.9","1,796.5",0.9,1.1,370.6,26.0,143.4
Software quality assurance analysts and testers,15-1253,Line item,196.3,237.1,0.1,0.1,40.8,20.8,19.5
Web developers,15-1254,Line item,95.3,124.1,0.1,0.1,28.9,30.3,11.0
Web and digital interface designers,15-1255,Line item,101.8,118.4,0.1,0.1,16.6,16.3,10.8
"Computer occupations, all other",15-1299,Line item,408.2,449.2,0.3,0.3,41.1,10.1,34.7
Mathematical science occupations,15-2000,Summary,286.3,368.3,0.2,0.2,82.0,28.7,30.6
Actuaries,15-2011,Line item,28.3,34.2,0.0,0.0,5.9,20.8,2.4
Mathematicians,15-2021,Line item,2.0,2.0,0.0,0.0,0.0,-0.1,0.1
Operations research analysts,15-2031,Line item,104.2,128.3,0.1,0.1,24.2,23.2,10.3
Statisticians,15-2041,Line item,34.2,45.3,0.0,0.0,11.2,32.7,3.9
Data scientists,15-2051,Line item,113.3,153.9,0.1,0.1,40.5,35.8,13.5
"Mathematical science occupations, all other",15-2099,Line item,4.4,4.6,0.0,0.0,0.3,6.6,0.3
Architecture and engineering occupations,17-0000,Summary,"2,562.5","2,653.7",1.6,1.6,91.3,3.6,200.9
"Architects, surveyors, and cartographers",17-1000,Summary,208.7,212.8,0.1,0.1,4.1,2.0,15.4
"Architects, except naval",17-1010,Summary,145.3,148.6,0.1,0.1,3.3,2.3,10.6
"Architects, except landscape and naval",17-1011,Line item,125.5,128.9,0.1,0.1,3.3,2.7,9.1
Landscape architects,17-1012,Line item,19.8,19.7,0.0,0.0,0.0,-0.1,1.5
"Surveyors, cartographers, and photogrammetrists",17-1020,Summary,63.4,64.2,0.0,0.0,0.8,1.2,4.8
Cartographers and photogrammetrists,17-1021,Line item,13.4,13.7,0.0,0.0,0.3,2.6,1.0
Surveyors,17-1022,Line item,50.0,50.4,0.0,0.0,0.4,0.9,3.8
Engineers,17-2000,Summary,"1,699.6","1,786.2",1.1,1.1,86.5,5.1,117.7
Aerospace engineers,17-2011,Line item,58.8,62.4,0.0,0.0,3.7,6.3,3.8
Agricultural engineers,17-2021,Line item,1.2,1.2,0.0,0.0,0.0,1.5,0.1
Bioengineers and biomedical engineers,17-2031,Line item,17.9,19.7,0.0,0.0,1.7,9.8,1.2
Chemical engineers,17-2041,Line item,26.9,30.7,0.0,0.0,3.7,13.9,2.0
Civil engineers,17-2051,Line item,318.3,340.4,0.2,0.2,22.1,6.9,24.2
Computer hardware engineers,17-2061,Line item,76.9,80.6,0.0,0.0,3.7,4.8,5.3
Electrical and electronics engineers,17-2070,Summary,303.8,313.6,0.2,0.2,9.8,3.2,20.1
Electrical engineers,17-2071,Line item,192.4,195.5,0.1,0.1,3.1,1.6,12.3
"Electronics engineers, except computer",17-2072,Line item,111.4,118.0,0.1,0.1,6.7,6.0,7.8
Environmental engineers,17-2081,Line item,44.0,45.8,0.0,0.0,1.8,4.2,3.4
"Industrial engineers, including health and safety",17-2110,Summary,324.6,356.0,0.2,0.2,31.4,9.7,23.9
"Health and safety engineers, except mining safety engineers and inspectors",17-2111,Line item,23.6,24.4,0.0,0.0,0.8,3.5,1.5
Industrial engineers,17-2112,Line item,301.0,331.6,0.2,0.2,30.6,10.2,22.4
Marine engineers and naval architects,17-2121,Line item,7.6,7.9,0.0,0.0,0.3,4.4,0.4
Materials engineers,17-2131,Line item,22.1,23.4,0.0,0.0,1.3,6.1,1.7
Mechanical engineers,17-2141,Line item,284.9,291.3,0.2,0.2,6.4,2.2,17.9
"Mining and geological engineers, including mining safety engineers",17-2151,Line item,7.5,7.7,0.0,0.0,0.1,1.9,0.5
Nuclear engineers,17-2161,Line item,13.9,12.4,0.0,0.0,-1.5,-11.1,0.7
Petroleum engineers,17-2171,Line item,22.8,24.6,0.0,0.0,1.9,8.3,1.7
"Engineers, all other",17-2199,Line item,168.6,168.6,0.1,0.1,0.0,0.0,10.8
"Drafters, engineering technicians, and mapping technicians",17-3000,Summary,654.1,654.8,0.4,0.4,0.7,0.1,67.8
Drafters,17-3010,Summary,192.2,185.4,0.1,0.1,-6.7,-3.5,18.9
Architectural and civil drafters,17-3011,Line item,105.4,104.1,0.1,0.1,-1.3,-1.2,11.8
Electrical and electronics drafters,17-3012,Line item,21.5,21.5,0.0,0.0,0.0,-0.1,2.0
Mechanical drafters,17-3013,Line item,49.4,45.2,0.0,0.0,-4.2,-8.5,3.9
"Drafters, all other",17-3019,Line item,15.9,14.7,0.0,0.0,-1.2,-7.6,1.3
"Engineering technologists and technicians, except drafters",17-3020,Summary,402.2,407.4,0.3,0.2,5.2,1.3,41.1
Aerospace engineering and operations technologists and technicians,17-3021,Line item,11.3,11.9,0.0,0.0,0.7,5.9,1.2
Civil engineering technologists and technicians,17-3022,Line item,66.3,66.1,0.0,0.0,-0.1,-0.2,6.5
Electrical and electronic engineering technologists and technicians,17-3023,Line item,105.0,104.6,0.1,0.1,-0.4,-0.4,11.1
Electro-mechanical and mechatronics technologists and technicians,17-3024,Line item,12.1,11.6,0.0,0.0,-0.4,-3.6,1.1
Environmental engineering technologists and technicians,17-3025,Line item,15.5,16.1,0.0,0.0,0.6,4.0,1.6
Industrial engineering technologists and technicians,17-3026,Line item,64.2,66.3,0.0,0.0,2.1,3.3,6.6
Mechanical engineering technologists and technicians,17-3027,Line item,41.7,42.5,0.0,0.0,0.9,2.1,4.2
Calibration technologists and technicians,17-3028,Line item,8.9,9.2,0.0,0.0,0.3,3.9,0.9
"Engineering technologists and technicians, except drafters, all other",17-3029,Line item,77.3,78.9,0.0,0.0,1.6,2.1,7.8
Surveying and mapping technicians,17-3031,Line item,59.8,62.0,0.0,0.0,2.2,3.6,7.8
"Life, physical, and social science occupations",19-0000,Summary,"1,436.0","1,534.7",0.9,0.9,98.7,6.9,147.9
Life scientists,19-1000,Summary,338.1,376.1,0.2,0.2,38.0,11.2,31.3
Agricultural and food scientists,19-1010,Summary,37.3,40.2,0.0,0.0,3.0,8.0,4.1
Animal scientists,19-1011,Line item,3.7,4.2,0.0,0.0,0.4,11.8,0.4
Food scientists and technologists,19-1012,Line item,14.4,15.3,0.0,0.0,0.8,5.7,1.5
Soil and plant scientists,19-1013,Line item,19.1,20.8,0.0,0.0,1.7,9.1,2.1
Biological scientists,19-1020,Summary,125.9,135.6,0.1,0.1,9.7,7.7,12.1
Biochemists and biophysicists,19-1021,Line item,37.5,43.2,0.0,0.0,5.7,15.3,4.0
Microbiologists,19-1022,Line item,20.8,22.6,0.0,0.0,1.9,9.0,2.0
Zoologists and wildlife biologists,19-1023,Line item,17.1,17.2,0.0,0.0,0.1,0.7,1.5
"Biological scientists, all other",19-1029,Line item,50.6,52.5,0.0,0.0,1.9,3.8,4.6
Conservation scientists and foresters,19-1030,Summary,39.6,41.4,0.0,0.0,1.8,4.5,3.8
Conservation scientists,19-1031,Line item,24.6,25.3,0.0,0.0,0.7,3.0,2.3
Foresters,19-1032,Line item,15.0,16.1,0.0,0.0,1.1,7.0,1.5
Medical scientists,19-1040,Summary,127.9,150.9,0.1,0.1,23.0,18.0,10.9
Epidemiologists,19-1041,Line item,8.6,10.9,0.0,0.0,2.2,25.8,0.8
"Medical scientists, except epidemiologists",19-1042,Line item,119.2,140.0,0.1,0.1,20.8,17.4,10.0
"Life scientists, all other",19-1099,Line item,7.5,8.0,0.0,0.0,0.5,6.6,0.5
Physical scientists,19-2000,Summary,265.1,278.2,0.2,0.2,13.1,5.0,24.0
Astronomers and physicists,19-2010,Summary,25.2,27.2,0.0,0.0,2.0,8.0,2.1
Astronomers,19-2011,Line item,2.2,2.4,0.0,0.0,0.1,5.6,0.2
Physicists,19-2012,Line item,23.0,24.8,0.0,0.0,1.9,8.2,1.9
Atmospheric and space scientists,19-2021,Line item,9.1,9.4,0.0,0.0,0.3,3.6,0.7
Chemists and materials scientists,19-2030,Summary,90.6,96.3,0.1,0.1,5.7,6.3,8.2
Chemists,19-2031,Line item,83.6,88.9,0.1,0.1,5.3,6.3,7.6
Materials scientists,19-2032,Line item,7.0,7.4,0.0,0.0,0.4,6.0,0.6
Environmental scientists and geoscientists,19-2040,Summary,111.7,116.7,0.1,0.1,5.0,4.5,10.8
"Environmental scientists and specialists, including health",19-2041,Line item,80.0,83.8,0.1,0.1,3.8,4.7,7.8
"Geoscientists, except hydrologists and geographers",19-2042,Line item,24.9,26.2,0.0,0.0,1.2,5.0,2.4
Hydrologists,19-2043,Line item,6.8,6.7,0.0,0.0,0.0,-0.4,0.6
"Physical scientists, all other",19-2099,Line item,28.5,28.6,0.0,0.0,0.1,0.4,2.2
Social scientists and related workers,19-3000,Summary,312.0,328.3,0.2,0.2,16.3,5.2,26.2
Economists,19-3011,Line item,16.9,17.8,0.0,0.0,1.0,5.7,1.4
Survey researchers,19-3022,Line item,10.4,11.0,0.0,0.0,0.7,6.3,1.0
Psychologists,19-3030,Summary,181.6,192.9,0.1,0.1,11.3,6.2,14.1
Industrial-organizational psychologists,19-3032,Line item,2.9,3.0,0.0,0.0,0.1,3.8,0.2
Clinical and counseling psychologists,19-3033,Line item,65.4,71.9,0.0,0.0,6.5,9.9,5.1
School psychologists,19-3034,Line item,57.9,61.1,0.0,0.0,3.2,5.5,4.8
"Psychologists, all other",19-3039,Line item,55.4,56.9,0.0,0.0,1.5,2.8,4.0
Sociologists,19-3041,Line item,3.0,3.1,0.0,0.0,0.2,5.4,0.3
Urban and regional planners,19-3051,Line item,41.9,43.5,0.0,0.0,1.6,3.8,3.8
Miscellaneous social scientists and related workers,19-3090,Summary,58.4,60.0,0.0,0.0,1.6,2.8,5.6
Anthropologists and archeologists,19-3091,Line item,7.5,7.9,0.0,0.0,0.5,6.1,0.8
Geographers,19-3092,Line item,1.6,1.6,0.0,0.0,0.0,-0.2,0.1
Historians,19-3093,Line item,3.3,3.4,0.0,0.0,0.1,4.5,0.3
Political scientists,19-3094,Line item,6.3,6.7,0.0,0.0,0.4,6.2,0.6
"Social scientists and related workers, all other",19-3099,Line item,39.8,40.4,0.0,0.0,0.6,1.6,3.7
"Life, physical, and social science technicians",19-4000,Summary,388.4,413.4,0.2,0.2,25.0,6.4,51.9
Agricultural and food science technicians,19-4010,Summary,31.6,34.4,0.0,0.0,2.7,8.7,4.9
Agricultural technicians,19-4012,Line item,16.4,18.0,0.0,0.0,1.6,9.7,2.6
Food science technicians,19-4013,Line item,15.2,16.3,0.0,0.0,1.2,7.6,2.3
Biological technicians,19-4021,Line item,84.3,92.0,0.1,0.1,7.7,9.1,12.2
Chemical technicians,19-4031,Line item,60.4,63.1,0.0,0.0,2.7,4.5,7.8
Environmental science and geoscience technicians,19-4040,Summary,48.5,51.1,0.0,0.0,2.6,5.4,5.4
"Environmental science and protection technicians, including health",19-4042,Line item,35.5,37.6,0.0,0.0,2.1,5.9,4.0
"Geological technicians, except hydrologic technicians",19-4043,Line item,9.2,9.7,0.0,0.0,0.5,5.2,1.0
Hydrologic technicians,19-4044,Line item,3.8,3.8,0.0,0.0,0.0,0.9,0.4
Nuclear technicians,19-4051,Line item,5.4,4.5,0.0,0.0,-0.9,-16.6,0.4
Social science research assistants,19-4061,Line item,35.2,39.2,0.0,0.0,4.0,11.3,5.0
Forest and conservation technicians,19-4071,Line item,32.7,32.1,0.0,0.0,-0.6,-2.0,3.9
"Miscellaneous life, physical, and social science technicians",19-4090,Summary,90.3,97.1,0.1,0.1,6.8,7.6,12.2
Forensic science technicians,19-4092,Line item,17.6,19.6,0.0,0.0,2.0,11.4,2.5
"Life, physical, and social science technicians, all other",19-4099,Line item,72.7,77.5,0.0,0.0,4.8,6.6,9.7
Occupational health and safety specialists and technicians,19-5000,Summary,132.4,138.6,0.1,0.1,6.3,4.7,14.5
Occupational health and safety specialists,19-5011,Line item,109.9,114.7,0.1,0.1,4.9,4.5,12.0
Occupational health and safety technicians,19-5012,Line item,22.5,23.9,0.0,0.0,1.4,6.1,2.5
Community and social service occupations,21-0000,Summary,"2,843.2","3,137.8",1.8,1.9,294.6,10.4,318.4
"Counselors, social workers, and other community and social service specialists",21-1000,Summary,"2,363.3","2,638.8",1.5,1.6,275.5,11.7,266.4
Counselors,21-1010,Summary,915.8,"1,051.4",0.6,0.6,135.5,14.8,100.0
"Educational, guidance, and career counselors and advisors",21-1012,Line item,336.0,368.4,0.2,0.2,32.4,9.6,32.0
Marriage and family therapists,21-1013,Line item,65.3,74.3,0.0,0.0,9.1,13.9,6.4
Rehabilitation counselors,21-1015,Line item,93.2,103.0,0.1,0.1,9.8,10.5,9.9
"Substance abuse, behavioral disorder, and mental health counselors",21-1018,Line item,351.0,428.5,0.2,0.3,77.5,22.1,43.6
"Counselors, all other",21-1019,Line item,70.3,77.1,0.0,0.0,6.8,9.6,8.1
Social workers,21-1020,Summary,708.1,772.1,0.4,0.5,64.0,9.0,74.7
"Child, family, and school social workers",21-1021,Line item,349.8,378.9,0.2,0.2,29.1,8.3,36.6
Healthcare social workers,21-1022,Line item,179.5,199.3,0.1,0.1,19.9,11.1,19.7
Mental health and substance abuse social workers,21-1023,Line item,119.8,133.2,0.1,0.1,13.3,11.1,12.7
"Social workers, all other",21-1029,Line item,59.0,60.7,0.0,0.0,1.7,2.9,5.7
Miscellaneous community and social service specialists,21-1090,Summary,739.3,815.3,0.5,0.5,76.0,10.3,91.6
Health education specialists,21-1091,Line item,59.6,64.2,0.0,0.0,4.5,7.6,7.1
Probation officers and correctional treatment specialists,21-1092,Line item,94.5,94.6,0.1,0.1,0.1,0.1,8.0
Social and human service assistants,21-1093,Line item,420.6,472.9,0.3,0.3,52.4,12.5,55.9
Community health workers,21-1094,Line item,67.0,77.7,0.0,0.0,10.6,15.9,8.8
"Community and social service specialists, all other",21-1099,Line item,97.6,105.9,0.1,0.1,8.3,8.5,11.8
Religious workers,21-2000,Summary,479.9,499.0,0.3,0.3,19.1,4.0,52.1
Clergy,21-2011,Line item,245.4,255.8,0.2,0.2,10.5,4.3,24.4
"Directors, religious activities and education",21-2021,Line item,160.8,166.6,0.1,0.1,5.8,3.6,17.7
"Religious workers, all other",21-2099,Line item,73.7,76.6,0.0,0.0,2.8,3.8,10.0
Legal occupations,23-0000,Summary,"1,368.0","1,499.0",0.9,0.9,131.0,9.6,110.0
"Lawyers, judges, and related workers",23-1000,Summary,901.3,981.5,0.6,0.6,80.1,8.9,52.3
Lawyers and judicial law clerks,23-1010,Summary,849.4,929.5,0.5,0.6,80.1,9.4,49.9
Lawyers,23-1011,Line item,833.1,913.3,0.5,0.5,80.2,9.6,48.7
Judicial law clerks,23-1012,Line item,16.2,16.2,0.0,0.0,-0.1,-0.5,1.1
"Judges, magistrates, and other judicial workers",23-1020,Summary,52.0,52.0,0.0,0.0,0.0,0.0,2.4
"Administrative law judges, adjudicators, and hearing officers",23-1021,Line item,14.5,14.1,0.0,0.0,-0.4,-2.8,0.6
"Arbitrators, mediators, and conciliators",23-1022,Line item,8.9,9.5,0.0,0.0,0.6,6.2,0.5
"Judges, magistrate judges, and magistrates",23-1023,Line item,28.5,28.4,0.0,0.0,-0.2,-0.6,1.3
Legal support workers,23-2000,Summary,466.7,517.6,0.3,0.3,50.9,10.9,57.7
Paralegals and legal assistants,23-2011,Line item,352.8,402.7,0.2,0.2,49.9,14.1,45.8
Miscellaneous legal support workers,23-2090,Summary,113.9,114.9,0.1,0.1,1.0,0.8,11.9
"Title examiners, abstractors, and searchers",23-2093,Line item,61.2,62.4,0.0,0.0,1.2,1.9,6.0
"Legal support workers, all other",23-2099,Line item,52.7,52.5,0.0,0.0,-0.2,-0.4,5.9
Educational instruction and library occupations,25-0000,Summary,"9,151.2","9,809.3",5.8,5.9,658.2,7.2,929.9
Postsecondary teachers,25-1000,Summary,"1,696.6","1,876.1",1.1,1.1,179.5,10.6,166.4
"Business teachers, postsecondary",25-1011,Line item,103.4,109.8,0.1,0.1,6.4,6.2,9.5
"Math and computer science teachers, postsecondary",25-1020,Summary,101.6,108.3,0.1,0.1,6.7,6.6,9.4
"Computer science teachers, postsecondary",25-1021,Line item,47.8,51.2,0.0,0.0,3.4,7.2,4.5
"Mathematical science teachers, postsecondary",25-1022,Line item,53.8,57.1,0.0,0.0,3.2,6.0,4.9
"Engineering and architecture teachers, postsecondary",25-1030,Summary,53.6,60.2,0.0,0.0,6.7,12.5,5.4
"Architecture teachers, postsecondary",25-1031,Line item,7.8,8.4,0.0,0.0,0.6,7.8,0.7
"Engineering teachers, postsecondary",25-1032,Line item,45.8,51.8,0.0,0.0,6.1,13.3,4.7
"Life sciences teachers, postsecondary",25-1040,Summary,72.6,80.9,0.0,0.0,8.4,11.6,7.2
"Agricultural sciences teachers, postsecondary",25-1041,Line item,10.9,11.7,0.0,0.0,0.8,7.3,1.0
"Biological science teachers, postsecondary",25-1042,Line item,60.2,67.7,0.0,0.0,7.5,12.4,6.1
"Forestry and conservation science teachers, postsecondary",25-1043,Line item,1.5,1.6,0.0,0.0,0.1,8.3,0.1
"Physical sciences teachers, postsecondary",25-1050,Summary,61.7,66.4,0.0,0.0,4.7,7.7,5.8
"Atmospheric, earth, marine, and space sciences teachers, postsecondary",25-1051,Line item,12.7,13.7,0.0,0.0,0.9,7.2,1.2
"Chemistry teachers, postsecondary",25-1052,Line item,25.8,27.8,0.0,0.0,2.0,7.7,2.4
"Environmental science teachers, postsecondary",25-1053,Line item,7.1,7.6,0.0,0.0,0.5,7.7,0.7
"Physics teachers, postsecondary",25-1054,Line item,16.0,17.3,0.0,0.0,1.3,7.9,1.5
"Social sciences teachers, postsecondary",25-1060,Summary,137.6,149.0,0.1,0.1,11.4,8.3,13.1
"Anthropology and archeology teachers, postsecondary",25-1061,Line item,6.4,6.9,0.0,0.0,0.5,8.3,0.6
"Area, ethnic, and cultural studies teachers, postsecondary",25-1062,Line item,11.7,12.7,0.0,0.0,1.0,8.5,1.1
"Economics teachers, postsecondary",25-1063,Line item,15.3,16.6,0.0,0.0,1.3,8.4,1.5
"Geography teachers, postsecondary",25-1064,Line item,4.3,4.7,0.0,0.0,0.3,7.6,0.4
"Political science teachers, postsecondary",25-1065,Line item,18.2,19.7,0.0,0.0,1.5,8.4,1.7
"Psychology teachers, postsecondary",25-1066,Line item,46.4,50.8,0.0,0.0,4.5,9.6,4.5
"Sociology teachers, postsecondary",25-1067,Line item,16.0,17.2,0.0,0.0,1.2,7.6,1.5
"Social sciences teachers, postsecondary, all other",25-1069,Line item,19.4,20.5,0.0,0.0,1.1,5.5,1.8
"Health teachers, postsecondary",25-1070,Summary,333.6,411.8,0.2,0.2,78.1,23.4,38.8
"Health specialties teachers, postsecondary",25-1071,Line item,246.7,306.1,0.2,0.2,59.4,24.1,28.9
"Nursing instructors and teachers, postsecondary",25-1072,Line item,87.0,105.7,0.1,0.1,18.7,21.5,9.9
"Education and library science teachers, postsecondary",25-1080,Summary,82.2,89.1,0.1,0.1,6.9,8.4,7.8
"Education teachers, postsecondary",25-1081,Line item,76.7,83.2,0.0,0.0,6.5,8.5,7.3
"Library science teachers, postsecondary",25-1082,Line item,5.5,5.9,0.0,0.0,0.4,7.6,0.5
"Law, criminal justice, and social work teachers, postsecondary",25-1110,Summary,51.7,56.5,0.0,0.0,4.7,9.2,5.0
"Criminal justice and law enforcement teachers, postsecondary",25-1111,Line item,16.5,18.2,0.0,0.0,1.6,9.8,1.6
"Law teachers, postsecondary",25-1112,Line item,19.1,20.8,0.0,0.0,1.7,8.9,1.8
"Social work teachers, postsecondary",25-1113,Line item,16.1,17.5,0.0,0.0,1.4,8.9,1.5
"Arts, communications, history, and humanities teachers, postsecondary",25-1120,Summary,305.5,329.4,0.2,0.2,23.9,7.8,28.8
"Art, drama, and music teachers, postsecondary",25-1121,Line item,121.8,132.5,0.1,0.1,10.7,8.8,11.6
"Communications teachers, postsecondary",25-1122,Line item,34.4,36.9,0.0,0.0,2.5,7.3,3.2
"English language and literature teachers, postsecondary",25-1123,Line item,72.4,76.9,0.0,0.0,4.6,6.3,6.7
"Foreign language and literature teachers, postsecondary",25-1124,Line item,25.0,27.0,0.0,0.0,2.0,7.8,2.4
"History teachers, postsecondary",25-1125,Line item,23.7,25.4,0.0,0.0,1.7,7.4,2.2
"Philosophy and religion teachers, postsecondary",25-1126,Line item,28.2,30.6,0.0,0.0,2.4,8.6,2.7
Miscellaneous postsecondary teachers,25-1190,Summary,393.2,414.8,0.2,0.2,21.6,5.5,35.7
"Family and consumer sciences teachers, postsecondary",25-1192,Line item,3.4,3.6,0.0,0.0,0.2,6.6,0.3
"Recreation and fitness studies teachers, postsecondary",25-1193,Line item,17.1,18.4,0.0,0.0,1.2,7.1,1.6
"Career/technical education teachers, postsecondary",25-1194,Line item,118.8,120.9,0.1,0.1,2.1,1.8,10.2
"Postsecondary teachers, all other",25-1199,Line item,253.8,271.8,0.2,0.2,18.0,7.1,23.6
"Preschool, elementary, middle, secondary, and special education teachers",25-2000,Summary,"4,207.6","4,438.1",2.7,2.7,230.5,5.5,353.1
Preschool and kindergarten teachers,25-2010,Summary,607.9,686.1,0.4,0.4,78.2,12.9,77.3
"Preschool teachers, except special education",25-2011,Line item,483.1,556.0,0.3,0.3,72.9,15.1,63.1
"Kindergarten teachers, except special education",25-2012,Line item,124.8,130.1,0.1,0.1,5.3,4.3,14.2
Elementary and middle school teachers,25-2020,Summary,"1,980.6","2,060.9",1.3,1.2,80.3,4.1,154.3
"Elementary school teachers, except special education",25-2021,Line item,"1,362.3","1,417.1",0.9,0.9,54.9,4.0,106.1
"Middle school teachers, except special and career/technical education",25-2022,Line item,606.5,631.5,0.4,0.4,25.0,4.1,47.3
"Career/technical education teachers, middle school",25-2023,Line item,11.9,12.3,0.0,0.0,0.4,3.4,0.9
Secondary school teachers,25-2030,Summary,"1,142.7","1,194.2",0.7,0.7,51.5,4.5,83.9
"Secondary school teachers, except special and career/technical education",25-2031,Line item,"1,058.3","1,107.0",0.7,0.7,48.7,4.6,77.9
"Career/technical education teachers, secondary school",25-2032,Line item,84.4,87.2,0.1,0.1,2.8,3.3,6.1
Special education teachers,25-2050,Summary,476.3,496.9,0.3,0.3,20.6,4.3,37.6
"Special education teachers, preschool",25-2051,Line item,22.0,23.9,0.0,0.0,1.8,8.3,1.9
"Special education teachers, kindergarten and elementary school",25-2052,Line item,188.2,195.3,0.1,0.1,7.2,3.8,14.7
"Special education teachers, middle school",25-2057,Line item,79.4,82.2,0.1,0.0,2.8,3.5,6.2
"Special education teachers, secondary school",25-2058,Line item,147.2,153.4,0.1,0.1,6.2,4.2,11.6
"Special education teachers, all other",25-2059,Line item,39.5,42.2,0.0,0.0,2.7,6.8,3.2
Other teachers and instructors,25-3000,Summary,"1,207.4","1,344.3",0.8,0.8,136.9,11.3,165.9
"Adult basic education, adult secondary education, and english as a second language instructors",25-3011,Line item,44.9,42.1,0.0,0.0,-2.8,-6.2,4.7
Self-enrichment teachers,25-3021,Line item,347.1,408.3,0.2,0.2,61.3,17.6,49.0
"Substitute teachers, short-term",25-3031,Line item,400.4,433.2,0.3,0.3,32.8,8.2,50.6
Tutors,25-3041,Line item,203.4,232.9,0.1,0.1,29.5,14.5,35.0
"Teachers and instructors, all other",25-3099,Line item,211.6,227.8,0.1,0.1,16.2,7.6,26.6
"Librarians, curators, and archivists",25-4000,Summary,250.1,259.0,0.2,0.2,8.9,3.5,30.3
"Archivists, curators, and museum technicians",25-4010,Summary,33.6,37.7,0.0,0.0,4.2,12.4,4.7
Archivists,25-4011,Line item,8.0,8.7,0.0,0.0,0.7,8.9,1.1
Curators,25-4012,Line item,12.9,14.7,0.0,0.0,1.9,14.4,1.8
Museum technicians and conservators,25-4013,Line item,12.7,14.3,0.0,0.0,1.6,12.7,1.8
Librarians and media collections specialists,25-4022,Line item,138.4,146.4,0.1,0.1,8.0,5.8,14.9
Library technicians,25-4031,Line item,78.2,74.9,0.0,0.0,-3.3,-4.2,10.7
Other educational instruction and library occupations,25-9000,Summary,"1,789.5","1,891.8",1.1,1.1,102.3,5.7,214.2
Farm and home management educators,25-9021,Line item,13.1,13.2,0.0,0.0,0.1,0.5,1.2
Instructional coordinators,25-9031,Line item,205.7,220.8,0.1,0.1,15.0,7.3,20.9
Teaching assistants,25-9040,Summary,"1,390.9","1,465.4",0.9,0.9,74.5,5.4,173.9
"Teaching assistants, postsecondary",25-9044,Line item,155.8,168.3,0.1,0.1,12.4,8.0,20.1
"Teaching assistants, except postsecondary",25-9045,Line item,"1,235.1","1,297.2",0.8,0.8,62.1,5.0,153.7
"Educational instruction and library workers, all other",25-9099,Line item,179.7,192.5,0.1,0.1,12.8,7.1,18.2
"Arts, design, entertainment, sports, and media occupations",27-0000,Summary,"2,789.1","2,973.7",1.8,1.8,184.6,6.6,316.6
Art and design workers,27-1000,Summary,918.8,939.4,0.6,0.6,20.5,2.2,94.5
Artists and related workers,27-1010,Summary,232.7,243.6,0.1,0.1,10.8,4.6,26.0
Art directors,27-1011,Line item,121.5,126.2,0.1,0.1,4.7,3.8,13.4
Craft artists,27-1012,Line item,10.7,11.2,0.0,0.0,0.5,5.1,1.2
"Fine artists, including painters, sculptors, and illustrators",27-1013,Line item,27.1,28.8,0.0,0.0,1.7,6.4,3.1
Special effects artists and animators,27-1014,Line item,58.9,62.1,0.0,0.0,3.2,5.4,6.7
"Artists and related workers, all other",27-1019,Line item,14.5,15.2,0.0,0.0,0.7,4.5,1.6
Designers,27-1020,Summary,686.1,695.8,0.4,0.4,9.7,1.4,68.5
Commercial and industrial designers,27-1021,Line item,29.3,30.3,0.0,0.0,0.9,3.2,2.7
Fashion designers,27-1022,Line item,22.4,23.0,0.0,0.0,0.6,2.5,2.3
Floral designers,27-1023,Line item,44.4,35.1,0.0,0.0,-9.3,-21.0,3.8
Graphic designers,27-1024,Line item,265.0,271.8,0.2,0.2,6.8,2.6,24.8
Interior designers,27-1025,Line item,93.3,94.2,0.1,0.1,0.8,0.9,8.2
Merchandise displayers and window trimmers,27-1026,Line item,161.6,169.1,0.1,0.1,7.5,4.6,20.1
Set and exhibit designers,27-1027,Line item,27.0,28.5,0.0,0.0,1.4,5.2,2.7
"Designers, all other",27-1029,Line item,42.9,43.9,0.0,0.0,1.0,2.4,4.0
"Entertainers and performers, sports and related workers",27-2000,Summary,758.3,853.8,0.5,0.5,95.5,12.6,106.2
"Actors, producers, and directors",27-2010,Summary,216.8,233.7,0.1,0.1,16.9,7.8,24.5
Actors,27-2011,Line item,50.6,54.7,0.0,0.0,4.1,8.2,7.0
Producers and directors,27-2012,Line item,166.2,178.9,0.1,0.1,12.8,7.7,17.5
"Athletes, coaches, umpires, and related workers",27-2020,Summary,273.3,331.9,0.2,0.2,58.6,21.4,46.4
Athletes and sports competitors,27-2021,Line item,15.8,21.5,0.0,0.0,5.7,35.7,2.9
Coaches and scouts,27-2022,Line item,244.3,293.1,0.2,0.2,48.8,20.0,39.9
"Umpires, referees, and other sports officials",27-2023,Line item,13.2,17.4,0.0,0.0,4.2,31.7,3.6
Dancers and choreographers,27-2030,Summary,12.4,15.8,0.0,0.0,3.4,27.1,2.7
Dancers,27-2031,Line item,6.2,7.7,0.0,0.0,1.5,24.5,1.3
Choreographers,27-2032,Line item,6.3,8.1,0.0,0.0,1.9,29.7,1.4
"Musicians, singers, and related workers",27-2040,Summary,207.0,216.2,0.1,0.1,9.1,4.4,26.5
Music directors and composers,27-2041,Line item,55.8,58.5,0.0,0.0,2.7,4.9,5.8
Musicians and singers,27-2042,Line item,151.3,157.7,0.1,0.1,6.4,4.2,20.8
"Miscellaneous entertainers and performers, sports and related workers",27-2090,Summary,48.8,56.3,0.0,0.0,7.5,15.3,6.1
"Disc jockeys, except radio",27-2091,Line item,15.3,16.4,0.0,0.0,1.1,7.2,1.4
"Entertainers and performers, sports and related workers, all other",27-2099,Line item,33.5,39.9,0.0,0.0,6.4,19.0,4.7
Media and communication workers,27-3000,Summary,763.9,798.5,0.5,0.5,34.6,4.5,78.5
Broadcast announcers and radio disc jockeys,27-3011,Line item,25.0,22.2,0.0,0.0,-2.8,-11.4,2.1
"News analysts, reporters, and journalists",27-3023,Line item,47.1,43.1,0.0,0.0,-4.1,-8.6,4.9
Public relations specialists,27-3031,Line item,276.8,299.2,0.2,0.2,22.3,8.1,27.4
Writers and editors,27-3040,Summary,306.6,310.0,0.2,0.2,3.4,1.1,30.8
Editors,27-3041,Line item,108.4,102.9,0.1,0.1,-5.5,-5.1,10.2
Technical writers,27-3042,Line item,55.4,58.4,0.0,0.0,3.1,5.5,5.4
Writers and authors,27-3043,Line item,142.8,148.7,0.1,0.1,5.9,4.1,15.2
Miscellaneous media and communication workers,27-3090,Summary,108.3,124.0,0.1,0.1,15.7,14.5,13.3
Interpreters and translators,27-3091,Line item,69.4,83.4,0.0,0.1,14.0,20.2,9.2
Court reporters and simultaneous captioners,27-3092,Line item,18.5,18.7,0.0,0.0,0.3,1.4,2.0
"Media and communication workers, all other",27-3099,Line item,20.5,21.9,0.0,0.0,1.4,7.0,2.1
Media and communication equipment workers,27-4000,Summary,348.0,382.0,0.2,0.2,34.0,9.8,37.4
"Broadcast, sound, and lighting technicians",27-4010,Summary,119.9,132.1,0.1,0.1,12.1,10.1,13.2
Audio and video technicians,27-4011,Line item,68.6,79.3,0.0,0.0,10.7,15.7,8.1
Broadcast technicians,27-4012,Line item,30.5,29.9,0.0,0.0,-0.6,-2.0,2.8
Sound engineering technicians,27-4014,Line item,15.2,16.3,0.0,0.0,1.1,7.5,1.6
Lighting technicians,27-4015,Line item,5.7,6.5,0.0,0.0,0.8,14.7,0.7
Photographers,27-4021,Line item,125.6,136.8,0.1,0.1,11.2,8.9,12.7
"Television, video, and film camera operators and editors",27-4030,Summary,81.7,91.4,0.1,0.1,9.6,11.8,9.4
"Camera operators, television, video, and film",27-4031,Line item,33.7,36.7,0.0,0.0,3.0,8.9,3.7
Film and video editors,27-4032,Line item,48.1,54.7,0.0,0.0,6.6,13.8,5.7
"Media and communication equipment workers, all other",27-4099,Line item,20.7,21.7,0.0,0.0,1.0,5.0,2.1
Healthcare practitioners and technical occupations,29-0000,Summary,"9,228.2","10,023.5",5.8,6.0,795.3,8.6,647.3
Healthcare diagnosing or treating practitioners,29-1000,Summary,"6,118.5","6,681.0",3.9,4.0,562.5,9.2,380.4
Chiropractors,29-1011,Line item,53.2,58.7,0.0,0.0,5.5,10.4,2.1
Dentists,29-1020,Summary,146.2,154.6,0.1,0.1,8.4,5.7,5.1
"Dentists, general",29-1021,Line item,127.6,135.4,0.1,0.1,7.7,6.1,4.5
Oral and maxillofacial surgeons,29-1022,Line item,6.3,6.6,0.0,0.0,0.3,4.6,0.2
Orthodontists,29-1023,Line item,6.0,6.3,0.0,0.0,0.3,4.5,0.2
Prosthodontists,29-1024,Line item,0.9,1.0,0.0,0.0,0.0,5.1,0.0
"Dentists, all other specialists",29-1029,Line item,5.4,5.4,0.0,0.0,0.0,0.8,0.2
Dietitians and nutritionists,29-1031,Line item,74.7,79.7,0.0,0.0,5.1,6.8,5.6
Optometrists,29-1041,Line item,41.4,45.4,0.0,0.0,4.0,9.6,1.7
Pharmacists,29-1051,Line item,323.5,331.1,0.2,0.2,7.7,2.4,13.6
Physician assistants,29-1071,Line item,139.1,177.5,0.1,0.1,38.4,27.6,12.7
Podiatrists,29-1081,Line item,11.0,11.2,0.0,0.0,0.2,2.0,0.3
Therapists,29-1120,Summary,764.5,884.2,0.5,0.5,119.6,15.6,56.1
Occupational therapists,29-1122,Line item,133.9,152.5,0.1,0.1,18.6,13.9,10.1
Physical therapists,29-1123,Line item,238.8,279.2,0.2,0.2,40.4,16.9,15.4
Radiation therapists,29-1124,Line item,16.4,17.5,0.0,0.0,1.0,6.3,0.8
Recreational therapists,29-1125,Line item,17.6,18.2,0.0,0.0,0.6,3.6,1.5
Respiratory therapists,29-1126,Line item,135.8,154.2,0.1,0.1,18.4,13.6,9.4
Speech-language pathologists,29-1127,Line item,159.8,193.9,0.1,0.1,34.0,21.3,14.0
Exercise physiologists,29-1128,Line item,21.4,23.4,0.0,0.0,1.9,9.1,1.7
"Therapists, all other",29-1129,Line item,40.8,45.4,0.0,0.0,4.6,11.2,3.3
Veterinarians,29-1131,Line item,86.3,103.1,0.1,0.1,16.8,19.4,4.8
Registered nurses,29-1141,Line item,"3,130.6","3,326.0",2.0,2.0,195.4,6.2,203.2
Nurse anesthetists,29-1151,Line item,45.2,50.5,0.0,0.0,5.3,11.8,2.9
Nurse midwives,29-1161,Line item,8.1,8.7,0.0,0.0,0.6,7.5,0.5
Nurse practitioners,29-1171,Line item,246.7,359.4,0.2,0.2,112.7,45.7,26.8
Audiologists,29-1181,Line item,14.6,16.1,0.0,0.0,1.5,10.4,0.8
Physicians,29-1210,Summary,701.3,720.7,0.4,0.4,19.4,2.8,22.1
Anesthesiologists,29-1211,Line item,34.1,34.5,0.0,0.0,0.4,1.1,1.0
Cardiologists,29-1212,Line item,20.3,20.9,0.0,0.0,0.6,2.8,0.6
Dermatologists,29-1213,Line item,10.1,10.4,0.0,0.0,0.3,3.1,0.3
Emergency medicine physicians,29-1214,Line item,39.5,40.8,0.0,0.0,1.3,3.3,1.3
Family medicine physicians,29-1215,Line item,112.2,115.9,0.1,0.1,3.7,3.3,3.6
General internal medicine physicians,29-1216,Line item,63.7,65.0,0.0,0.0,1.3,2.0,1.9
Neurologists,29-1217,Line item,7.8,8.0,0.0,0.0,0.2,3.0,0.2
Obstetricians and gynecologists,29-1218,Line item,23.6,24.0,0.0,0.0,0.4,1.7,0.7
"Pediatricians, general",29-1221,Line item,36.8,37.2,0.0,0.0,0.4,1.1,1.1
"Physicians, pathologists",29-1222,Line item,12.1,12.6,0.0,0.0,0.5,4.5,0.4
Psychiatrists,29-1223,Line item,27.9,30.3,0.0,0.0,2.4,8.7,1.1
Radiologists,29-1224,Line item,32.4,33.6,0.0,0.0,1.2,3.7,1.1
"Physicians, all other",29-1229,Line item,280.8,287.5,0.2,0.2,6.7,2.4,8.7
Surgeons,29-1240,Summary,60.4,62.4,0.0,0.0,2.0,3.4,1.8
"Ophthalmologists, except pediatric",29-1241,Line item,12.0,12.8,0.0,0.0,0.8,6.4,0.4
"Orthopedic surgeons, except pediatric",29-1242,Line item,16.8,17.3,0.0,0.0,0.4,2.7,0.5
Pediatric surgeons,29-1243,Line item,0.9,0.9,0.0,0.0,0.0,2.2,0.0
"Surgeons, all other",29-1249,Line item,30.7,31.5,0.0,0.0,0.8,2.6,0.9
Miscellaneous healthcare diagnosing or treating practitioners,29-1290,Summary,271.7,291.6,0.2,0.2,20.0,7.3,20.5
Acupuncturists,29-1291,Line item,23.7,24.6,0.0,0.0,0.9,3.9,1.7
Dental hygienists,29-1292,Line item,214.0,233.1,0.1,0.1,19.0,8.9,16.3
"Healthcare diagnosing or treating practitioners, all other",29-1299,Line item,33.9,33.9,0.0,0.0,0.0,0.0,2.5
Health technologists and technicians,29-2000,Summary,"2,972.9","3,189.3",1.9,1.9,216.4,7.3,256.2
Clinical laboratory technologists and technicians,29-2010,Line item,329.2,351.0,0.2,0.2,21.8,6.6,25.6
Diagnostic related technologists and technicians,29-2030,Summary,426.0,458.2,0.3,0.3,32.2,7.5,27.9
Cardiovascular technologists and technicians,29-2031,Line item,58.1,60.8,0.0,0.0,2.7,4.6,4.1
Diagnostic medical sonographers,29-2032,Line item,82.3,94.4,0.1,0.1,12.1,14.7,6.0
Nuclear medicine technologists,29-2033,Line item,18.9,19.2,0.0,0.0,0.3,1.7,1.0
Radiologic technologists and technicians,29-2034,Line item,222.8,236.9,0.1,0.1,14.1,6.3,13.8
Magnetic resonance imaging technologists,29-2035,Line item,41.2,44.1,0.0,0.0,3.0,7.2,2.8
Medical dosimetrists,29-2036,Line item,2.7,2.8,0.0,0.0,0.1,2.6,0.1
Emergency medical technicians and paramedics,29-2040,Summary,261.0,278.9,0.2,0.2,17.9,6.9,20.0
Emergency medical technicians,29-2042,Line item,163.4,174.8,0.1,0.1,11.4,7.0,13.9
Paramedics,29-2043,Line item,97.6,104.1,0.1,0.1,6.4,6.6,6.0
Health practitioner support technologists and technicians,29-2050,Summary,867.9,942.5,0.5,0.6,74.6,8.6,88.4
Dietetic technicians,29-2051,Line item,22.0,23.0,0.0,0.0,1.0,4.7,2.5
Pharmacy technicians,29-2052,Line item,447.3,469.7,0.3,0.3,22.4,5.0,43.5
Psychiatric technicians,29-2053,Line item,98.0,108.6,0.1,0.1,10.6,10.9,9.9
Surgical technologists,29-2055,Line item,110.7,117.2,0.1,0.1,6.5,5.9,8.3
Veterinary technologists and technicians,29-2056,Line item,122.8,146.9,0.1,0.1,24.1,19.6,15.5
Ophthalmic medical technicians,29-2057,Line item,67.2,77.1,0.0,0.0,9.9,14.7,8.7
Licensed practical and licensed vocational nurses,29-2061,Line item,657.2,698.5,0.4,0.4,41.3,6.3,58.8
Medical records specialists,29-2072,Line item,186.4,198.7,0.1,0.1,12.3,6.6,14.9
"Opticians, dispensing",29-2081,Line item,74.8,77.5,0.0,0.0,2.8,3.7,6.7
Miscellaneous health technologists and technicians,29-2090,Summary,170.4,184.0,0.1,0.1,13.6,8.0,13.9
Orthotists and prosthetists,29-2091,Line item,11.1,13.0,0.0,0.0,1.9,16.8,1.0
Hearing aid specialists,29-2092,Line item,11.3,13.1,0.0,0.0,1.8,15.7,1.0
"Health technologists and technicians, all other",29-2099,Line item,148.0,157.9,0.1,0.1,9.9,6.7,11.8
Other healthcare practitioners and technical occupations,29-9000,Summary,136.8,153.2,0.1,0.1,16.5,12.0,10.8
Health information technologists and medical registrars,29-9021,Line item,39.9,46.9,0.0,0.0,7.0,17.4,3.4
Miscellaneous health practitioners and technical workers,29-9090,Summary,96.9,106.4,0.1,0.1,9.5,9.8,7.3
Athletic trainers,29-9091,Line item,29.4,34.5,0.0,0.0,5.1,17.5,2.5
Genetic counselors,29-9092,Line item,2.9,3.5,0.0,0.0,0.5,18.2,0.3
Surgical assistants,29-9093,Line item,18.0,19.2,0.0,0.0,1.2,6.4,1.3
"Healthcare practitioners and technical workers, all other",29-9099,Line item,46.6,49.2,0.0,0.0,2.7,5.7,3.3
Healthcare support occupations,31-0000,Summary,"7,026.0","8,279.7",4.4,5.0,"1,253.8",17.8,"1,266.8"
"Home health and personal care aides; and nursing assistants, orderlies, and psychiatric aides",31-1100,Summary,"5,067.8","6,058.5",3.2,3.6,990.7,19.5,938.6
Home health and personal care aides,31-1120,Line item,"3,636.9","4,560.9",2.3,2.7,924.0,25.4,711.7
"Nursing assistants, orderlies, and psychiatric aides",31-1130,Summary,"1,430.9","1,497.6",0.9,0.9,66.7,4.7,226.9
Nursing assistants,31-1131,Line item,"1,343.7","1,406.4",0.8,0.8,62.7,4.7,212.7
Orderlies,31-1132,Line item,46.2,48.3,0.0,0.0,2.2,4.7,7.5
Psychiatric aides,31-1133,Line item,41.0,42.9,0.0,0.0,1.9,4.6,6.7
Occupational therapy and physical therapist assistants and aides,31-2000,Summary,187.7,233.1,0.1,0.1,45.4,24.2,34.8
Occupational therapy assistants and aides,31-2010,Summary,47.0,58.5,0.0,0.0,11.5,24.5,9.3
Occupational therapy assistants,31-2011,Line item,43.4,54.5,0.0,0.0,11.0,25.4,8.7
Occupational therapy aides,31-2012,Line item,3.5,4.0,0.0,0.0,0.5,13.6,0.6
Physical therapist assistants and aides,31-2020,Summary,140.8,174.7,0.1,0.1,33.9,24.1,25.5
Physical therapist assistants,31-2021,Line item,96.5,122.1,0.1,0.1,25.6,26.5,17.9
Physical therapist aides,31-2022,Line item,44.2,52.6,0.0,0.0,8.3,18.8,7.6
Other healthcare support occupations,31-9000,Summary,"1,770.4","1,988.1",1.1,1.2,217.7,12.3,293.4
Massage therapists,31-9011,Line item,149.9,179.9,0.1,0.1,29.9,20.0,25.2
Miscellaneous healthcare support occupations,31-9090,Summary,"1,620.5","1,808.2",1.0,1.1,187.7,11.6,268.2
Dental assistants,31-9091,Line item,358.6,388.7,0.2,0.2,30.1,8.4,56.4
Medical assistants,31-9092,Line item,743.5,861.3,0.5,0.5,117.8,15.8,123.0
Medical equipment preparers,31-9093,Line item,62.6,66.4,0.0,0.0,3.7,6.0,9.5
Medical transcriptionists,31-9094,Line item,59.6,55.7,0.0,0.0,-3.9,-6.5,9.3
Pharmacy aides,31-9095,Line item,44.6,43.3,0.0,0.0,-1.3,-2.9,7.5
Veterinary assistants and laboratory animal caretakers,31-9096,Line item,103.5,123.5,0.1,0.1,20.0,19.4,23.9
Phlebotomists,31-9097,Line item,135.5,149.4,0.1,0.1,13.9,10.2,21.5
"Healthcare support workers, all other",31-9099,Line item,112.6,120.0,0.1,0.1,7.4,6.6,17.2
Protective service occupations,33-0000,Summary,"3,482.2","3,554.8",2.2,2.1,72.6,2.1,421.5
Supervisors of protective service workers,33-1000,Summary,353.5,359.0,0.2,0.2,5.6,1.6,28.3
First-line supervisors of law enforcement workers,33-1010,Summary,188.2,188.7,0.1,0.1,0.4,0.2,13.6
First-line supervisors of correctional officers,33-1011,Line item,55.9,52.6,0.0,0.0,-3.3,-5.9,4.3
First-line supervisors of police and detectives,33-1012,Line item,132.3,136.1,0.1,0.1,3.7,2.8,9.3
First-line supervisors of firefighting and prevention workers,33-1021,Line item,82.8,86.1,0.1,0.1,3.4,4.1,6.5
"Miscellaneous first-line supervisors, protective service workers",33-1090,Summary,82.5,84.2,0.1,0.1,1.8,2.1,8.3
First-line supervisors of security workers,33-1091,Line item,57.5,57.9,0.0,0.0,0.3,0.6,5.6
"First-line supervisors of protective service workers, all other",33-1099,Line item,24.9,26.3,0.0,0.0,1.4,5.8,2.6
Firefighting and prevention workers,33-2000,Summary,344.4,359.4,0.2,0.2,15.0,4.3,29.8
Firefighters,33-2011,Line item,326.1,340.0,0.2,0.2,13.9,4.3,28.0
Fire inspectors,33-2020,Summary,18.3,19.4,0.0,0.0,1.0,5.7,1.8
Fire inspectors and investigators,33-2021,Line item,15.5,15.9,0.0,0.0,0.5,3.1,1.5
Forest fire inspectors and prevention specialists,33-2022,Line item,2.9,3.4,0.0,0.0,0.6,19.4,0.3
Law enforcement workers,33-3000,Summary,"1,235.8","1,211.0",0.8,0.7,-24.8,-2.0,102.3
"Bailiffs, correctional officers, and jailers",33-3010,Summary,419.0,376.8,0.3,0.2,-42.2,-10.1,33.3
Bailiffs,33-3011,Line item,16.8,16.2,0.0,0.0,-0.6,-3.8,2.1
Correctional officers and jailers,33-3012,Line item,402.2,360.6,0.3,0.2,-41.6,-10.3,31.2
Detectives and criminal investigators,33-3021,Line item,112.9,112.0,0.1,0.1,-0.8,-0.7,8.8
Fish and game wardens,33-3031,Line item,6.9,6.7,0.0,0.0,-0.2,-3.5,0.7
Parking enforcement workers,33-3041,Line item,8.6,5.4,0.0,0.0,-3.2,-37.1,0.4
Police officers,33-3050,Summary,688.4,710.0,0.4,0.4,21.7,3.1,59.0
Police and sheriff's patrol officers,33-3051,Line item,684.9,706.4,0.4,0.4,21.5,3.1,58.7
Transit and railroad police,33-3052,Line item,3.5,3.6,0.0,0.0,0.1,3.2,0.3
Other protective service workers,33-9000,Summary,"1,548.5","1,625.5",1.0,1.0,76.9,5.0,261.1
Animal control workers,33-9011,Line item,11.9,12.5,0.0,0.0,0.6,4.8,1.0
Private detectives and investigators,33-9021,Line item,37.0,39.1,0.0,0.0,2.1,5.6,3.7
Security guards and gambling surveillance officers,33-9030,Summary,"1,087.2","1,125.2",0.7,0.7,38.0,3.5,155.9
Gambling surveillance officers and gambling investigators,33-9031,Line item,9.5,10.3,0.0,0.0,0.8,8.5,1.4
Security guards,33-9032,Line item,"1,077.7","1,114.9",0.7,0.7,37.2,3.4,154.5
Miscellaneous protective service workers,33-9090,Summary,412.4,448.7,0.3,0.3,36.3,8.8,100.4
Crossing guards and flaggers,33-9091,Line item,85.1,92.9,0.1,0.1,7.8,9.2,20.0
"Lifeguards, ski patrol, and other recreational protective service workers",33-9092,Line item,120.8,140.7,0.1,0.1,19.9,16.4,36.2
Transportation security screeners,33-9093,Line item,51.6,50.9,0.0,0.0,-0.7,-1.4,4.6
School bus monitors,33-9094,Line item,53.5,57.1,0.0,0.0,3.6,6.7,11.6
"Protective service workers, all other",33-9099,Line item,101.3,107.2,0.1,0.1,5.8,5.8,27.9
Food preparation and serving related occupations,35-0000,Summary,"11,761.8","13,081.6",7.4,7.9,"1,319.9",11.2,"2,430.8"
Supervisors of food preparation and serving workers,35-1000,Summary,"1,245.8","1,415.1",0.8,0.9,169.2,13.6,220.9
Chefs and head cooks,35-1011,Line item,152.8,176.3,0.1,0.1,23.6,15.4,24.3
First-line supervisors of food preparation and serving workers,35-1012,Line item,"1,093.1","1,238.7",0.7,0.7,145.7,13.3,196.7
Cooks and food preparation workers,35-2000,Summary,"3,466.1","3,903.1",2.2,2.3,437.0,12.6,626.4
Cooks,35-2010,Summary,"2,648.7","3,068.0",1.7,1.8,419.3,15.8,480.6
"Cooks, fast food",35-2011,Line item,792.3,723.2,0.5,0.4,-69.1,-8.7,109.4
"Cooks, institution and cafeteria",35-2012,Line item,410.1,436.0,0.3,0.3,25.9,6.3,67.5
"Cooks, private household",35-2013,Line item,41.4,40.7,0.0,0.0,-0.7,-1.7,6.2
"Cooks, restaurant",35-2014,Line item,"1,255.6","1,715.6",0.8,1.0,459.9,36.6,274.0
"Cooks, short order",35-2015,Line item,129.8,131.1,0.1,0.1,1.3,1.0,20.1
"Cooks, all other",35-2019,Line item,19.5,21.4,0.0,0.0,1.9,9.7,3.3
Food preparation workers,35-2021,Line item,817.4,835.1,0.5,0.5,17.7,2.2,145.8
Food and beverage serving workers,35-3000,Summary,"5,861.5","6,411.0",3.7,3.9,549.4,9.4,"1,314.8"
Bartenders,35-3011,Line item,514.0,606.0,0.3,0.4,92.0,17.9,105.3
Fast food and counter workers,35-3023,Line item,"3,195.6","3,438.8",2.0,2.1,243.2,7.6,741.4
Waiters and waitresses,35-3031,Line item,"1,904.4","2,101.4",1.2,1.3,197.0,10.3,425.8
"Food servers, nonrestaurant",35-3041,Line item,247.5,264.8,0.2,0.2,17.3,7.0,42.4
Other food preparation and serving related workers,35-9000,Summary,"1,188.3","1,352.5",0.8,0.8,164.2,13.8,268.7
Dining room and cafeteria attendants and bartender helpers,35-9011,Line item,355.2,415.1,0.2,0.2,59.9,16.9,76.1
Dishwashers,35-9021,Line item,398.2,437.6,0.3,0.3,39.4,9.9,74.8
"Hosts and hostesses, restaurant, lounge, and coffee shop",35-9031,Line item,347.7,400.3,0.2,0.2,52.6,15.1,95.2
"Food preparation and serving related workers, all other",35-9099,Line item,87.3,99.5,0.1,0.1,12.3,14.1,22.5
Building and grounds cleaning and maintenance occupations,37-0000,Summary,"5,415.0","5,705.8",3.4,3.4,290.8,5.4,779.4
Supervisors of building and grounds cleaning and maintenance workers,37-1000,Summary,470.6,491.4,0.3,0.3,20.8,4.4,54.7
First-line supervisors of housekeeping and janitorial workers,37-1011,Line item,253.0,266.7,0.2,0.2,13.7,5.4,31.1
"First-line supervisors of landscaping, lawn service, and groundskeeping workers",37-1012,Line item,217.6,224.7,0.1,0.1,7.1,3.3,23.6
Building cleaning and pest control workers,37-2000,Summary,"3,645.4","3,854.0",2.3,2.3,208.7,5.7,545.1
Building cleaning workers,37-2010,Summary,"3,554.8","3,757.3",2.2,2.3,202.5,5.7,531.7
"Janitors and cleaners, except maids and housekeeping cleaners",37-2011,Line item,"2,298.4","2,383.9",1.5,1.4,85.5,3.7,335.5
Maids and housekeeping cleaners,37-2012,Line item,"1,237.4","1,353.8",0.8,0.8,116.4,9.4,193.5
"Building cleaning workers, all other",37-2019,Line item,19.1,19.7,0.0,0.0,0.6,3.3,2.8
Pest control workers,37-2021,Line item,90.6,96.7,0.1,0.1,6.1,6.8,13.3
Grounds maintenance workers,37-3000,Summary,"1,299.0","1,360.3",0.8,0.8,61.3,4.7,179.6
Landscaping and groundskeeping workers,37-3011,Line item,"1,191.6","1,248.5",0.8,0.8,56.9,4.8,164.5
"Pesticide handlers, sprayers, and applicators, vegetation",37-3012,Line item,27.6,29.2,0.0,0.0,1.6,5.8,3.8
Tree trimmers and pruners,37-3013,Line item,63.7,65.9,0.0,0.0,2.1,3.4,9.1
"Grounds maintenance workers, all other",37-3019,Line item,16.1,16.8,0.0,0.0,0.7,4.5,2.2
Personal care and service occupations,39-0000,Summary,"3,868.4","4,413.2",2.4,2.7,544.8,14.1,762.6
Supervisors of personal care and service workers,39-1000,Summary,280.5,319.2,0.2,0.2,38.7,13.8,40.4
First-line supervisors of entertainment and recreation workers,39-1010,Summary,124.0,142.4,0.1,0.1,18.4,14.9,18.0
First-line supervisors of gambling services workers,39-1013,Line item,26.4,30.4,0.0,0.0,4.0,15.0,3.8
"First-line supervisors of entertainment and recreation workers, except gambling services",39-1014,Line item,97.6,112.0,0.1,0.1,14.5,14.8,14.2
First-line supervisors of personal service workers,39-1022,Line item,156.5,176.8,0.1,0.1,20.3,13.0,22.3
Animal care and service workers,39-2000,Summary,343.6,444.8,0.2,0.3,101.2,29.5,80.9
Animal trainers,39-2011,Line item,52.9,67.2,0.0,0.0,14.3,27.1,10.6
Animal caretakers,39-2021,Line item,290.7,377.6,0.2,0.2,86.9,29.9,70.4
Entertainment attendants and related workers,39-3000,Summary,459.0,542.4,0.3,0.3,83.4,18.2,133.3
Gambling services workers,39-3010,Summary,88.1,103.6,0.1,0.1,15.4,17.5,17.8
Gambling dealers,39-3011,Line item,68.5,81.6,0.0,0.0,13.1,19.2,14.1
Gambling and sports book writers and runners,39-3012,Line item,8.0,8.1,0.0,0.0,0.1,0.9,1.4
"Gambling service workers, all other",39-3019,Line item,11.6,13.9,0.0,0.0,2.2,19.2,2.4
Motion picture projectionists,39-3021,Line item,2.0,2.8,0.0,0.0,0.8,40.3,0.7
"Ushers, lobby attendants, and ticket takers",39-3031,Line item,63.2,88.8,0.0,0.1,25.6,40.5,24.1
Miscellaneous entertainment attendants and related workers,39-3090,Summary,305.6,347.2,0.2,0.2,41.6,13.6,90.6
Amusement and recreation attendants,39-3091,Line item,286.5,324.9,0.2,0.2,38.4,13.4,84.8
Costume attendants,39-3092,Line item,3.9,4.6,0.0,0.0,0.7,18.9,1.2
"Locker room, coatroom, and dressing room attendants",39-3093,Line item,10.5,12.0,0.0,0.0,1.4,13.5,3.1
"Entertainment attendants and related workers, all other",39-3099,Line item,4.7,5.8,0.0,0.0,1.1,23.2,1.5
Funeral service workers,39-4000,Summary,67.9,73.5,0.0,0.0,5.7,8.4,11.3
Embalmers and crematory operators,39-4010,Summary,6.4,6.7,0.0,0.0,0.3,5.2,1.1
Embalmers,39-4011,Line item,4.3,4.4,0.0,0.0,0.1,3.5,0.7
Crematory operators,39-4012,Line item,2.1,2.3,0.0,0.0,0.2,8.6,0.4
Funeral attendants,39-4021,Line item,34.0,36.9,0.0,0.0,2.9,8.4,6.0
"Morticians, undertakers, and funeral arrangers",39-4031,Line item,27.4,29.9,0.0,0.0,2.5,9.0,4.3
Personal appearance workers,39-5000,Summary,878.7,996.3,0.6,0.6,117.6,13.4,138.1
"Barbers, hairdressers, hairstylists and cosmetologists",39-5010,Summary,608.9,673.8,0.4,0.4,65.0,10.7,93.8
Barbers,39-5011,Line item,50.2,54.4,0.0,0.0,4.2,8.3,6.6
"Hairdressers, hairstylists, and cosmetologists",39-5012,Line item,558.7,619.5,0.4,0.4,60.8,10.9,87.2
Miscellaneous personal appearance workers,39-5090,Summary,269.8,322.4,0.2,0.2,52.6,19.5,44.3
"Makeup artists, theatrical and performance",39-5091,Line item,4.4,4.7,0.0,0.0,0.3,7.0,0.7
Manicurists and pedicurists,39-5092,Line item,163.6,200.3,0.1,0.1,36.6,22.4,26.6
Shampooers,39-5093,Line item,21.2,23.5,0.0,0.0,2.2,10.6,3.5
Skincare specialists,39-5094,Line item,80.5,93.9,0.1,0.1,13.4,16.7,13.5
"Baggage porters, bellhops, and concierges",39-6000,Summary,56.8,64.9,0.0,0.0,8.2,14.4,10.3
Baggage porters and bellhops,39-6011,Line item,21.7,26.0,0.0,0.0,4.2,19.4,4.1
Concierges,39-6012,Line item,35.0,39.0,0.0,0.0,3.9,11.2,6.1
Tour and travel guides,39-7000,Summary,43.4,50.0,0.0,0.0,6.6,15.3,9.6
Tour and travel guides,39-7010,Line item,43.4,50.0,0.0,0.0,6.6,15.3,9.6
Other personal care and service workers,39-9000,Summary,"1,738.6","1,922.0",1.1,1.2,183.4,10.5,338.8
Childcare workers,39-9011,Line item,949.0,"1,010.6",0.6,0.6,61.6,6.5,170.1
Recreation and fitness workers,39-9030,Summary,586.0,671.8,0.4,0.4,85.8,14.6,127.2
Exercise trainers and group fitness instructors,39-9031,Line item,306.4,364.2,0.2,0.2,57.8,18.9,65.5
Recreation workers,39-9032,Line item,279.6,307.7,0.2,0.2,28.1,10.0,61.7
Residential advisors,39-9041,Line item,99.3,109.2,0.1,0.1,9.9,10.0,18.9
"Personal care and service workers, all other",39-9099,Line item,104.4,130.4,0.1,0.1,26.0,24.9,22.6
Sales and related occupations,41-0000,Summary,"14,719.9","14,555.4",9.3,8.7,-164.5,-1.1,"1,948.8"
Supervisors of sales workers,41-1000,Summary,"1,912.6","1,833.0",1.2,1.1,-79.6,-4.2,190.1
First-line supervisors of retail sales workers,41-1011,Line item,"1,505.7","1,427.5",1.0,0.9,-78.2,-5.2,153.0
First-line supervisors of non-retail sales workers,41-1012,Line item,406.9,405.5,0.3,0.2,-1.4,-0.3,37.1
Retail sales workers,41-2000,Summary,"7,906.5","7,589.6",5.0,4.6,-316.9,-4.0,"1,219.0"
Cashiers,41-2010,Summary,"3,389.4","3,053.3",2.1,1.8,-336.1,-9.9,574.0
Cashiers,41-2011,Line item,"3,371.6","3,036.0",2.1,1.8,-335.7,-10.0,570.7
Gambling change persons and booth cashiers,41-2012,Line item,17.8,17.4,0.0,0.0,-0.4,-2.3,3.3
Counter and rental clerks and parts salespersons,41-2020,Summary,661.8,688.8,0.4,0.4,26.9,4.1,86.2
Counter and rental clerks,41-2021,Line item,391.4,408.6,0.2,0.2,17.3,4.4,50.6
Parts salespersons,41-2022,Line item,270.5,280.1,0.2,0.2,9.7,3.6,35.6
Retail salespersons,41-2031,Line item,"3,855.2","3,847.5",2.4,2.3,-7.8,-0.2,558.8
"Sales representatives, services",41-3000,Summary,"2,200.9","2,354.0",1.4,1.4,153.1,7.0,242.9
Advertising sales agents,41-3011,Line item,100.7,92.7,0.1,0.1,-8.0,-7.9,10.9
Insurance sales agents,41-3021,Line item,523.2,556.2,0.3,0.3,32.9,6.3,52.7
"Securities, commodities, and financial services sales agents",41-3031,Line item,466.9,514.5,0.3,0.3,47.7,10.2,46.6
Travel agents,41-3041,Line item,46.2,55.3,0.0,0.0,9.1,19.7,7.5
"Sales representatives of services, except advertising, insurance, financial services, and travel",41-3091,Line item,"1,063.9","1,135.3",0.7,0.7,71.4,6.7,125.3
"Sales representatives, wholesale and manufacturing",41-4000,Summary,"1,597.6","1,660.9",1.0,1.0,63.3,4.0,170.0
"Sales representatives, wholesale and manufacturing, technical and scientific products",41-4011,Line item,280.7,295.1,0.2,0.2,14.4,5.1,30.4
"Sales representatives, wholesale and manufacturing, except technical and scientific products",41-4012,Line item,"1,316.9","1,365.8",0.8,0.8,48.9,3.7,139.7
Other sales and related workers,41-9000,Summary,"1,102.3","1,118.0",0.7,0.7,15.7,1.4,126.7
"Models, demonstrators, and product promoters",41-9010,Summary,48.7,50.0,0.0,0.0,1.3,2.7,9.0
Demonstrators and product promoters,41-9011,Line item,46.2,47.3,0.0,0.0,1.1,2.4,8.6
Models,41-9012,Line item,2.4,2.6,0.0,0.0,0.2,9.2,0.5
Real estate brokers and sales agents,41-9020,Summary,562.1,592.2,0.4,0.4,30.1,5.4,54.8
Real estate brokers,41-9021,Line item,123.1,130.2,0.1,0.1,7.1,5.7,12.1
Real estate sales agents,41-9022,Line item,438.9,462.0,0.3,0.3,23.1,5.3,42.8
Sales engineers,41-9031,Line item,60.7,64.1,0.0,0.0,3.4,5.7,6.9
Telemarketers,41-9041,Line item,115.7,94.7,0.1,0.1,-21.0,-18.2,13.3
Miscellaneous sales and related workers,41-9090,Summary,315.2,317.0,0.2,0.2,1.8,0.6,42.7
"Door-to-door sales workers, news and street vendors, and related workers",41-9091,Line item,54.7,49.0,0.0,0.0,-5.7,-10.4,6.1
"Sales and related workers, all other",41-9099,Line item,260.5,268.0,0.2,0.2,7.5,2.9,36.6
Office and administrative support occupations,43-0000,Summary,"19,587.0","18,706.2",12.4,11.2,-880.8,-4.5,"2,236.2"
Supervisors of office and administrative support workers,43-1000,Summary,"1,521.8","1,493.5",1.0,0.9,-28.3,-1.9,159.6
First-line supervisors of office and administrative support workers,43-1011,Line item,"1,521.8","1,493.5",1.0,0.9,-28.3,-1.9,159.6
Communications equipment operators,43-2000,Summary,54.6,41.9,0.0,0.0,-12.7,-23.3,4.6
"Switchboard operators, including answering service",43-2011,Line item,49.0,37.2,0.0,0.0,-11.8,-24.0,4.0
Telephone operators,43-2021,Line item,4.0,3.0,0.0,0.0,-1.0,-24.5,0.4
"Communications equipment operators, all other",43-2099,Line item,1.6,1.7,0.0,0.0,0.1,3.3,0.2
Financial clerks,43-3000,Summary,"3,011.6","2,851.2",1.9,1.7,-160.5,-5.3,331.2
Bill and account collectors,43-3011,Line item,215.4,197.9,0.1,0.1,-17.5,-8.1,22.1
Billing and posting clerks,43-3021,Line item,445.3,450.0,0.3,0.3,4.7,1.1,51.5
"Bookkeeping, accounting, and auditing clerks",43-3031,Line item,"1,707.8","1,630.6",1.1,1.0,-77.2,-4.5,197.6
Gambling cage workers,43-3041,Line item,11.6,11.6,0.0,0.0,0.0,0.3,1.3
Payroll and timekeeping clerks,43-3051,Line item,157.7,133.9,0.1,0.1,-23.8,-15.1,13.8
Procurement clerks,43-3061,Line item,63.9,59.6,0.0,0.0,-4.3,-6.8,5.8
Tellers,43-3071,Line item,378.0,334.3,0.2,0.2,-43.7,-11.6,35.1
"Financial clerks, all other",43-3099,Line item,31.9,33.3,0.0,0.0,1.4,4.4,3.8
Information and record clerks,43-4000,Summary,"5,720.4","5,601.8",3.6,3.4,-118.6,-2.1,751.5
Brokerage clerks,43-4011,Line item,41.0,38.9,0.0,0.0,-2.1,-5.1,4.5
Correspondence clerks,43-4021,Line item,7.8,7.6,0.0,0.0,-0.2,-2.1,0.9
"Court, municipal, and license clerks",43-4031,Line item,156.8,159.8,0.1,0.1,3.0,1.9,18.3
"Credit authorizers, checkers, and clerks",43-4041,Line item,17.3,16.6,0.0,0.0,-0.7,-3.9,1.7
Customer service representatives,43-4051,Line item,"2,898.9","2,793.6",1.8,1.7,-105.3,-3.6,389.4
"Eligibility interviewers, government programs",43-4061,Line item,156.9,156.9,0.1,0.1,0.0,0.0,15.4
File clerks,43-4071,Line item,93.4,82.2,0.1,0.0,-11.1,-11.9,10.0
"Hotel, motel, and resort desk clerks",43-4081,Line item,238.8,273.1,0.2,0.2,34.3,14.4,49.2
"Interviewers, except eligibility and loan",43-4111,Line item,176.3,161.7,0.1,0.1,-14.6,-8.3,20.7
"Library assistants, clerical",43-4121,Line item,82.5,79.5,0.1,0.0,-3.1,-3.7,13.3
Loan interviewers and clerks,43-4131,Line item,247.0,245.4,0.2,0.1,-1.7,-0.7,23.3
New accounts clerks,43-4141,Line item,41.7,36.9,0.0,0.0,-4.8,-11.6,3.9
Order clerks,43-4151,Line item,143.9,119.7,0.1,0.1,-24.2,-16.8,13.0
"Human resources assistants, except payroll and timekeeping",43-4161,Line item,106.1,101.3,0.1,0.1,-4.8,-4.5,11.2
Receptionists and information clerks,43-4171,Line item,"1,037.1","1,041.4",0.7,0.6,4.3,0.4,142.3
Reservation and transportation ticket agents and travel clerks,43-4181,Line item,109.2,117.3,0.1,0.1,8.1,7.4,14.3
"Information and record clerks, all other",43-4199,Line item,165.6,169.8,0.1,0.1,4.2,2.6,20.1
"Material recording, scheduling, dispatching, and distributing workers",43-5000,Summary,"2,349.6","2,290.6",1.5,1.4,-59.0,-2.5,233.5
Cargo and freight agents,43-5011,Line item,88.6,96.5,0.1,0.1,7.8,8.8,11.2
Couriers and messengers,43-5021,Line item,178.9,178.3,0.1,0.1,-0.6,-0.3,19.1
Dispatchers,43-5030,Summary,302.4,306.2,0.2,0.2,3.8,1.2,31.6
Public safety telecommunicators,43-5031,Line item,99.5,103.2,0.1,0.1,3.6,3.6,10.9
"Dispatchers, except police, fire, and ambulance",43-5032,Line item,202.9,203.0,0.1,0.1,0.1,0.1,20.7
"Meter readers, utilities",43-5041,Line item,24.5,21.8,0.0,0.0,-2.7,-10.9,1.6
Postal service workers,43-5050,Summary,507.1,477.8,0.3,0.3,-29.3,-5.8,38.1
Postal service clerks,43-5051,Line item,76.3,72.7,0.0,0.0,-3.6,-4.8,6.4
Postal service mail carriers,43-5052,Line item,322.9,307.4,0.2,0.2,-15.4,-4.8,22.8
"Postal service mail sorters, processors, and processing machine operators",43-5053,Line item,107.9,97.7,0.1,0.1,-10.2,-9.4,8.9
"Production, planning, and expediting clerks",43-5061,Line item,377.9,396.8,0.2,0.2,18.9,5.0,44.8
"Shipping, receiving, and inventory clerks",43-5071,Line item,814.3,757.2,0.5,0.5,-57.1,-7.0,80.7
"Weighers, measurers, checkers, and samplers, recordkeeping",43-5111,Line item,55.9,56.0,0.0,0.0,0.1,0.1,6.4
Secretaries and administrative assistants,43-6000,Summary,"3,413.6","3,126.7",2.2,1.9,-286.9,-8.4,354.0
Executive secretaries and executive administrative assistants,43-6011,Line item,508.0,405.4,0.3,0.2,-102.6,-20.2,42.3
Legal secretaries and administrative assistants,43-6012,Line item,157.8,127.5,0.1,0.1,-30.4,-19.2,14.6
Medical secretaries and administrative assistants,43-6013,Line item,672.3,725.8,0.4,0.4,53.6,8.0,85.8
"Secretaries and administrative assistants, except legal, medical, and executive",43-6014,Line item,"2,075.6","1,868.0",1.3,1.1,-207.6,-10.0,211.2
Other office and administrative support workers,43-9000,Summary,"3,515.4","3,300.5",2.2,2.0,-214.8,-6.1,401.9
Data entry and information processing workers,43-9020,Summary,202.0,145.9,0.1,0.1,-56.1,-27.8,16.3
Data entry keyers,43-9021,Line item,155.9,117.4,0.1,0.1,-38.5,-24.7,13.1
Word processors and typists,43-9022,Line item,46.1,28.5,0.0,0.0,-17.6,-38.2,3.1
Desktop publishers,43-9031,Line item,9.5,8.2,0.0,0.0,-1.3,-13.7,0.9
Insurance claims and policy processing clerks,43-9041,Line item,247.8,242.0,0.2,0.1,-5.8,-2.3,24.6
"Mail clerks and mail machine operators, except postal service",43-9051,Line item,74.2,69.2,0.0,0.0,-5.0,-6.8,8.9
"Office clerks, general",43-9061,Line item,"2,751.8","2,621.1",1.7,1.6,-130.8,-4.8,325.4
"Office machine operators, except computer",43-9071,Line item,34.3,29.9,0.0,0.0,-4.4,-12.8,4.3
Proofreaders and copy markers,43-9081,Line item,10.5,10.7,0.0,0.0,0.2,2.4,1.5
Statistical assistants,43-9111,Line item,8.5,8.6,0.0,0.0,0.1,1.7,0.9
"Office and administrative support workers, all other",43-9199,Line item,176.7,164.8,0.1,0.1,-11.9,-6.7,19.0
"Farming, fishing, and forestry occupations",45-0000,Summary,"1,069.6","1,078.0",0.7,0.6,8.4,0.8,171.7
"Supervisors of farming, fishing, and forestry workers",45-1000,Summary,53.3,56.7,0.0,0.0,3.4,6.4,8.2
"First-line supervisors of farming, fishing, and forestry workers",45-1011,Line item,53.3,56.7,0.0,0.0,3.4,6.4,8.2
Agricultural workers,45-2000,Summary,926.1,932.7,0.6,0.6,6.7,0.7,149.6
Agricultural inspectors,45-2011,Line item,14.1,14.2,0.0,0.0,0.1,0.5,2.5
Animal breeders,45-2021,Line item,7.3,7.6,0.0,0.0,0.3,4.3,1.2
"Graders and sorters, agricultural products",45-2041,Line item,35.1,34.8,0.0,0.0,-0.3,-0.8,5.2
Miscellaneous agricultural workers,45-2090,Summary,869.6,876.1,0.5,0.5,6.6,0.8,140.6
Agricultural equipment operators,45-2091,Line item,66.6,74.7,0.0,0.0,8.0,12.1,12.1
"Farmworkers and laborers, crop, nursery, and greenhouse",45-2092,Line item,562.9,575.7,0.4,0.3,12.8,2.3,92.6
"Farmworkers, farm, ranch, and aquacultural animals",45-2093,Line item,228.5,213.6,0.1,0.1,-14.8,-6.5,34.0
"Agricultural workers, all other",45-2099,Line item,11.6,12.1,0.0,0.0,0.6,4.9,2.0
Fishing and hunting workers,45-3000,Summary,28.6,29.2,0.0,0.0,0.6,2.1,4.4
Fishing and hunting workers,45-3031,Line item,28.6,29.2,0.0,0.0,0.6,2.1,4.4
"Forest, conservation, and logging workers",45-4000,Summary,61.7,59.4,0.0,0.0,-2.3,-3.7,9.5
Forest and conservation workers,45-4011,Line item,13.1,12.7,0.0,0.0,-0.4,-3.4,2.3
Logging workers,45-4020,Summary,48.5,46.7,0.0,0.0,-1.8,-3.7,7.2
Fallers,45-4021,Line item,5.6,5.1,0.0,0.0,-0.5,-9.1,0.8
Logging equipment operators,45-4022,Line item,34.3,33.2,0.0,0.0,-1.1,-3.3,5.2
Log graders and scalers,45-4023,Line item,4.5,4.6,0.0,0.0,0.2,3.5,0.7
"Logging workers, all other",45-4029,Line item,4.2,3.8,0.0,0.0,-0.3,-7.9,0.6
Construction and extraction occupations,47-0000,Summary,"7,026.0","7,278.9",4.4,4.4,252.9,3.6,723.4
Supervisors of construction and extraction workers,47-1000,Summary,735.5,765.4,0.5,0.5,29.9,4.1,72.7
First-line supervisors of construction trades and extraction workers,47-1011,Line item,735.5,765.4,0.5,0.5,29.9,4.1,72.7
Construction trades workers,47-2000,Summary,"5,429.3","5,624.8",3.4,3.4,195.6,3.6,549.6
Boilermakers,47-2011,Line item,13.9,13.2,0.0,0.0,-0.6,-4.5,1.1
"Brickmasons, blockmasons, and stonemasons",47-2020,Summary,76.9,77.8,0.0,0.0,0.9,1.2,7.4
Brickmasons and blockmasons,47-2021,Line item,66.2,67.6,0.0,0.0,1.4,2.2,6.5
Stonemasons,47-2022,Line item,10.7,10.2,0.0,0.0,-0.5,-5.0,0.9
Carpenters,47-2031,Line item,948.5,969.0,0.6,0.6,20.5,2.2,91.2
"Carpet, floor, and tile installers and finishers",47-2040,Summary,115.1,120.2,0.1,0.1,5.1,4.5,10.7
Carpet installers,47-2041,Line item,27.2,24.8,0.0,0.0,-2.5,-9.0,2.0
"Floor layers, except carpet, wood, and hard tiles",47-2042,Line item,25.2,27.6,0.0,0.0,2.4,9.4,2.5
Floor sanders and finishers,47-2043,Line item,6.0,6.1,0.0,0.0,0.1,1.6,0.5
Tile and stone setters,47-2044,Line item,56.7,61.8,0.0,0.0,5.1,9.0,5.6
"Cement masons, concrete finishers, and terrazzo workers",47-2050,Summary,190.4,183.7,0.1,0.1,-6.7,-3.5,15.8
Cement masons and concrete finishers,47-2051,Line item,187.7,181.3,0.1,0.1,-6.4,-3.4,15.7
Terrazzo workers and finishers,47-2053,Line item,2.7,2.4,0.0,0.0,-0.3,-11.2,0.2
Construction laborers,47-2061,Line item,"1,358.4","1,430.3",0.9,0.9,71.9,5.3,143.2
Construction equipment operators,47-2070,Summary,466.9,488.9,0.3,0.3,22.0,4.7,50.8
"Paving, surfacing, and tamping equipment operators",47-2071,Line item,45.0,47.5,0.0,0.0,2.5,5.5,4.9
Pile driver operators,47-2072,Line item,3.9,4.1,0.0,0.0,0.2,6.0,0.4
Operating engineers and other construction equipment operators,47-2073,Line item,418.0,437.3,0.3,0.3,19.3,4.6,45.4
"Drywall installers, ceiling tile installers, and tapers",47-2080,Summary,128.4,132.3,0.1,0.1,4.0,3.1,10.9
Drywall and ceiling tile installers,47-2081,Line item,111.6,115.7,0.1,0.1,4.1,3.7,9.6
Tapers,47-2082,Line item,16.8,16.6,0.0,0.0,-0.1,-0.8,1.3
Electricians,47-2111,Line item,711.2,761.4,0.4,0.5,50.2,7.1,79.9
Glaziers,47-2121,Line item,56.9,59.2,0.0,0.0,2.3,4.0,6.5
Insulation workers,47-2130,Summary,64.9,67.0,0.0,0.0,2.1,3.3,6.0
"Insulation workers, floor, ceiling, and wall",47-2131,Line item,33.7,34.9,0.0,0.0,1.3,3.8,3.1
"Insulation workers, mechanical",47-2132,Line item,31.2,32.1,0.0,0.0,0.9,2.8,2.9
Painters and paperhangers,47-2140,Summary,369.4,374.4,0.2,0.2,5.0,1.4,32.0
"Painters, construction and maintenance",47-2141,Line item,365.3,370.1,0.2,0.2,4.9,1.3,31.6
Paperhangers,47-2142,Line item,4.1,4.2,0.0,0.0,0.1,3.0,0.4
"Pipelayers, plumbers, pipefitters, and steamfitters",47-2150,Summary,503.6,511.7,0.3,0.3,8.2,1.6,51.8
Pipelayers,47-2151,Line item,34.6,33.7,0.0,0.0,-0.9,-2.6,3.2
"Plumbers, pipefitters, and steamfitters",47-2152,Line item,469.0,478.0,0.3,0.3,9.1,1.9,48.6
Plasterers and stucco masons,47-2161,Line item,31.4,32.7,0.0,0.0,1.3,4.0,2.9
Reinforcing iron and rebar workers,47-2171,Line item,19.5,20.0,0.0,0.0,0.6,3.0,1.9
Roofers,47-2181,Line item,158.8,161.1,0.1,0.1,2.3,1.4,15.0
Sheet metal workers,47-2211,Line item,129.1,128.1,0.1,0.1,-1.0,-0.8,12.3
Structural iron and steel workers,47-2221,Line item,69.0,72.0,0.0,0.0,3.0,4.3,7.5
Solar photovoltaic installers,47-2231,Line item,17.1,21.7,0.0,0.0,4.6,27.2,2.5
"Helpers, construction trades",47-3000,Summary,213.8,211.4,0.1,0.1,-2.3,-1.1,25.3
"Helpers--brickmasons, blockmasons, stonemasons, and tile and marble setters",47-3011,Line item,18.6,17.0,0.0,0.0,-1.5,-8.3,2.0
Helpers--carpenters,47-3012,Line item,28.6,27.6,0.0,0.0,-1.0,-3.5,3.3
Helpers--electricians,47-3013,Line item,74.6,72.5,0.0,0.0,-2.1,-2.8,8.6
"Helpers--painters, paperhangers, plasterers, and stucco masons",47-3014,Line item,9.1,9.3,0.0,0.0,0.2,2.6,1.1
"Helpers--pipelayers, plumbers, pipefitters, and steamfitters",47-3015,Line item,47.8,48.8,0.0,0.0,1.0,2.0,5.9
Helpers--roofers,47-3016,Line item,7.0,7.1,0.0,0.0,0.1,1.9,0.9
"Helpers, construction trades, all other",47-3019,Line item,28.2,29.2,0.0,0.0,1.0,3.4,3.6
Other construction and related workers,47-4000,Summary,453.1,462.2,0.3,0.3,9.2,2.0,50.9
Construction and building inspectors,47-4011,Line item,129.2,123.4,0.1,0.1,-5.7,-4.4,14.8
Elevator and escalator installers and repairers,47-4021,Line item,23.2,23.9,0.0,0.0,0.7,2.9,2.1
Fence erectors,47-4031,Line item,29.9,29.7,0.0,0.0,-0.2,-0.5,3.0
Hazardous materials removal workers,47-4041,Line item,44.7,44.6,0.0,0.0,-0.1,-0.3,5.7
Highway maintenance workers,47-4051,Line item,145.9,156.3,0.1,0.1,10.4,7.1,16.5
Rail-track laying and maintenance equipment operators,47-4061,Line item,17.0,17.8,0.0,0.0,0.7,4.4,1.4
Septic tank servicers and sewer pipe cleaners,47-4071,Line item,30.1,32.2,0.0,0.0,2.1,6.8,3.6
Miscellaneous construction and related workers,47-4090,Line item,33.0,34.4,0.0,0.0,1.3,4.0,3.8
Extraction workers,47-5000,Summary,194.4,215.0,0.1,0.1,20.6,10.6,24.9
"Derrick, rotary drill, and service unit operators, oil and gas",47-5010,Summary,56.4,66.3,0.0,0.0,9.8,17.4,8.0
"Derrick operators, oil and gas",47-5011,Line item,8.6,10.0,0.0,0.0,1.4,16.9,1.2
"Rotary drill operators, oil and gas",47-5012,Line item,12.1,14.3,0.0,0.0,2.1,17.6,1.7
"Service unit operators, oil and gas",47-5013,Line item,35.7,42.0,0.0,0.0,6.3,17.5,5.1
Surface mining machine operators and earth drillers,47-5020,Summary,52.8,54.3,0.0,0.0,1.5,2.8,5.7
"Excavating and loading machine and dragline operators, surface mining",47-5022,Line item,36.5,36.5,0.0,0.0,0.0,-0.1,3.8
"Earth drillers, except oil and gas",47-5023,Line item,16.3,17.8,0.0,0.0,1.5,9.1,1.9
"Explosives workers, ordnance handling experts, and blasters",47-5032,Line item,7.1,7.2,0.0,0.0,0.1,1.5,0.7
Underground mining machine operators,47-5040,Summary,24.5,23.3,0.0,0.0,-1.1,-4.6,2.8
Continuous mining machine operators,47-5041,Line item,14.9,15.2,0.0,0.0,0.2,1.6,1.8
"Roof bolters, mining",47-5043,Line item,1.9,1.5,0.0,0.0,-0.4,-21.5,0.2
"Loading and moving machine operators, underground mining",47-5044,Line item,4.5,3.7,0.0,0.0,-0.8,-17.8,0.4
"Underground mining machine operators, all other",47-5049,Line item,3.2,3.0,0.0,0.0,-0.2,-5.2,0.4
"Rock splitters, quarry",47-5051,Line item,4.5,4.7,0.0,0.0,0.2,4.2,0.6
"Roustabouts, oil and gas",47-5071,Line item,37.3,45.9,0.0,0.0,8.6,23.0,5.6
Helpers--extraction workers,47-5081,Line item,6.2,7.1,0.0,0.0,1.0,15.5,0.9
"Extraction workers, all other",47-5099,Line item,5.6,6.1,0.0,0.0,0.6,10.3,0.7
"Installation, maintenance, and repair occupations",49-0000,Summary,"6,038.7","6,342.6",3.8,3.8,304.0,5.0,628.2
"Supervisors of installation, maintenance, and repair workers",49-1000,Summary,544.7,564.6,0.3,0.3,19.8,3.6,53.5
"First-line supervisors of mechanics, installers, and repairers",49-1011,Line item,544.7,564.6,0.3,0.3,19.8,3.6,53.5
"Electrical and electronic equipment mechanics, installers, and repairers",49-2000,Summary,534.7,549.3,0.3,0.3,14.5,2.7,58.1
"Computer, automated teller, and office machine repairers",49-2011,Line item,102.1,98.5,0.1,0.1,-3.7,-3.6,10.3
Radio and telecommunications equipment installers and repairers,49-2020,Summary,192.0,207.2,0.1,0.1,15.2,7.9,24.2
"Radio, cellular, and tower equipment installers and repairers",49-2021,Line item,14.1,14.9,0.0,0.0,0.8,5.6,1.7
"Telecommunications equipment installers and repairers, except line installers",49-2022,Line item,178.0,192.3,0.1,0.1,14.4,8.1,22.5
"Miscellaneous electrical and electronic equipment mechanics, installers, and repairers",49-2090,Summary,240.5,243.6,0.2,0.1,3.0,1.3,23.6
Avionics technicians,49-2091,Line item,19.6,20.6,0.0,0.0,1.0,5.1,1.6
"Electric motor, power tool, and related repairers",49-2092,Line item,17.4,18.1,0.0,0.0,0.7,3.9,1.5
"Electrical and electronics installers and repairers, transportation equipment",49-2093,Line item,9.2,9.5,0.0,0.0,0.3,3.5,0.9
"Electrical and electronics repairers, commercial and industrial equipment",49-2094,Line item,52.8,54.0,0.0,0.0,1.2,2.2,5.0
"Electrical and electronics repairers, powerhouse, substation, and relay",49-2095,Line item,22.8,21.7,0.0,0.0,-1.1,-5.0,1.9
"Electronic equipment installers and repairers, motor vehicles",49-2096,Line item,9.2,7.1,0.0,0.0,-2.2,-23.4,0.5
Audiovisual equipment installers and repairers,49-2097,Line item,26.6,25.9,0.0,0.0,-0.7,-2.6,2.7
Security and fire alarm systems installers,49-2098,Line item,82.9,86.7,0.1,0.1,3.9,4.7,9.4
"Vehicle and mobile equipment mechanics, installers, and repairers",49-3000,Summary,"1,759.1","1,822.7",1.1,1.1,63.6,3.6,178.3
Aircraft mechanics and service technicians,49-3011,Line item,131.7,139.8,0.1,0.1,8.0,6.1,11.5
Automotive technicians and repairers,49-3020,Summary,904.2,919.8,0.6,0.6,15.6,1.7,90.4
Automotive body and related repairers,49-3021,Line item,152.5,156.8,0.1,0.1,4.2,2.8,15.2
Automotive glass installers and repairers,49-3022,Line item,18.5,19.3,0.0,0.0,0.8,4.4,1.8
Automotive service technicians and mechanics,49-3023,Line item,733.2,743.8,0.5,0.4,10.6,1.4,73.3
Bus and truck mechanics and diesel engine specialists,49-3031,Line item,293.2,305.8,0.2,0.2,12.6,4.3,28.5
Heavy vehicle and mobile equipment service technicians and mechanics,49-3040,Summary,223.0,240.6,0.1,0.1,17.7,7.9,23.9
Farm equipment mechanics and service technicians,49-3041,Line item,49.5,54.8,0.0,0.0,5.3,10.7,5.5
"Mobile heavy equipment mechanics, except engines",49-3042,Line item,152.6,164.2,0.1,0.1,11.6,7.6,16.3
Rail car repairers,49-3043,Line item,20.9,21.6,0.0,0.0,0.8,3.7,2.1
Small engine mechanics,49-3050,Summary,79.8,83.8,0.1,0.1,4.0,5.0,9.0
Motorboat mechanics and service technicians,49-3051,Line item,25.7,27.8,0.0,0.0,2.1,8.3,3.0
Motorcycle mechanics,49-3052,Line item,16.6,17.3,0.0,0.0,0.7,4.3,1.8
Outdoor power equipment and other small engine mechanics,49-3053,Line item,37.5,38.7,0.0,0.0,1.2,3.1,4.1
"Miscellaneous vehicle and mobile equipment mechanics, installers, and repairers",49-3090,Summary,127.1,132.8,0.1,0.1,5.7,4.5,15.1
Bicycle repairers,49-3091,Line item,15.1,15.9,0.0,0.0,0.8,5.2,1.8
Recreational vehicle service technicians,49-3092,Line item,16.7,18.7,0.0,0.0,2.0,12.2,2.2
Tire repairers and changers,49-3093,Line item,95.3,98.2,0.1,0.1,2.9,3.1,11.1
"Other installation, maintenance, and repair occupations",49-9000,Summary,"3,200.1","3,406.1",2.0,2.0,206.0,6.4,338.2
Control and valve installers and repairers,49-9010,Summary,69.4,72.5,0.0,0.0,3.1,4.4,5.8
Mechanical door repairers,49-9011,Line item,23.7,26.4,0.0,0.0,2.7,11.4,2.2
"Control and valve installers and repairers, except mechanical door",49-9012,Line item,45.7,46.1,0.0,0.0,0.3,0.7,3.6
"Heating, air conditioning, and refrigeration mechanics and installers",49-9021,Line item,394.1,414.4,0.2,0.2,20.2,5.1,40.1
Home appliance repairers,49-9031,Line item,35.5,36.0,0.0,0.0,0.5,1.3,3.6
"Industrial machinery installation, repair, and maintenance workers",49-9040,Summary,483.9,553.5,0.3,0.3,69.6,14.4,53.2
Industrial machinery mechanics,49-9041,Line item,384.8,447.9,0.2,0.3,63.1,16.4,42.5
"Maintenance workers, machinery",49-9043,Line item,58.5,63.0,0.0,0.0,4.5,7.8,6.9
Millwrights,49-9044,Line item,39.9,42.0,0.0,0.0,2.1,5.2,3.8
"Refractory materials repairers, except brickmasons",49-9045,Line item,0.7,0.5,0.0,0.0,-0.1,-20.2,0.0
Line installers and repairers,49-9050,Summary,230.4,244.0,0.1,0.1,13.6,5.9,23.5
Electrical power-line installers and repairers,49-9051,Line item,126.6,130.7,0.1,0.1,4.0,3.2,11.1
Telecommunications line installers and repairers,49-9052,Line item,103.8,113.4,0.1,0.1,9.6,9.2,12.4
Precision instrument and equipment repairers,49-9060,Summary,82.5,92.0,0.1,0.1,9.5,11.5,10.1
Camera and photographic equipment repairers,49-9061,Line item,2.5,2.7,0.0,0.0,0.1,4.8,0.3
Medical equipment repairers,49-9062,Line item,59.1,69.1,0.0,0.0,10.0,17.0,7.7
Musical instrument repairers and tuners,49-9063,Line item,6.4,5.9,0.0,0.0,-0.5,-7.1,0.6
Watch and clock repairers,49-9064,Line item,2.2,1.7,0.0,0.0,-0.5,-24.7,0.1
"Precision instrument and equipment repairers, all other",49-9069,Line item,12.3,12.6,0.0,0.0,0.3,2.5,1.3
"Maintenance and repair workers, general",49-9071,Line item,"1,539.1","1,615.3",1.0,1.0,76.3,5.0,160.1
Wind turbine service technicians,49-9081,Line item,11.1,16.1,0.0,0.0,4.9,44.3,1.9
"Miscellaneous installation, maintenance, and repair workers",49-9090,Summary,354.0,362.4,0.2,0.2,8.3,2.4,39.9
"Coin, vending, and amusement machine servicers and repairers",49-9091,Line item,30.6,32.0,0.0,0.0,1.5,4.9,3.9
Commercial divers,49-9092,Line item,3.0,3.4,0.0,0.0,0.4,14.7,0.4
Locksmiths and safe repairers,49-9094,Line item,20.3,17.3,0.0,0.0,-3.0,-14.8,1.6
Manufactured building and mobile home installers,49-9095,Line item,3.9,3.1,0.0,0.0,-0.8,-20.3,0.3
Riggers,49-9096,Line item,18.5,19.3,0.0,0.0,0.7,4.0,2.2
Signal and track switch repairers,49-9097,Line item,6.8,7.0,0.0,0.0,0.2,3.7,0.7
"Helpers--installation, maintenance, and repair workers",49-9098,Line item,90.5,93.9,0.1,0.1,3.4,3.8,11.4
"Installation, maintenance, and repair workers, all other",49-9099,Line item,180.5,186.3,0.1,0.1,5.8,3.2,19.3
Production occupations,51-0000,Summary,"8,787.1","8,623.5",5.6,5.2,-163.6,-1.9,989.9
Supervisors of production workers,51-1000,Summary,646.8,659.0,0.4,0.4,12.2,1.9,68.7
First-line supervisors of production and operating workers,51-1011,Line item,646.8,659.0,0.4,0.4,12.2,1.9,68.7
Assemblers and fabricators,51-2000,Summary,"1,821.6","1,706.7",1.2,1.0,-114.9,-6.3,192.1
"Aircraft structure, surfaces, rigging, and systems assemblers",51-2011,Line item,34.3,27.7,0.0,0.0,-6.6,-19.4,2.9
"Electrical, electronics, and electromechanical assemblers",51-2020,Summary,290.8,294.8,0.2,0.2,4.0,1.4,33.8
"Coil winders, tapers, and finishers",51-2021,Line item,11.4,9.3,0.0,0.0,-2.0,-17.9,1.0
"Electrical, electronic, and electromechanical assemblers, except coil winders, tapers, and finishers",51-2028,Line item,279.5,285.5,0.2,0.2,6.0,2.2,32.8
Engine and other machine assemblers,51-2031,Line item,47.3,41.6,0.0,0.0,-5.8,-12.2,5.7
Structural metal fabricators and fitters,51-2041,Line item,63.6,53.6,0.0,0.0,-10.1,-15.8,4.7
Fiberglass laminators and fabricators,51-2051,Line item,17.8,18.0,0.0,0.0,0.1,0.7,2.1
Timing device assemblers and adjusters,51-2061,Line item,0.6,0.5,0.0,0.0,-0.1,-18.3,0.1
Miscellaneous assemblers and fabricators,51-2090,Line item,"1,367.1","1,270.7",0.9,0.8,-96.4,-7.1,142.7
Food processing workers,51-3000,Summary,830.8,851.5,0.5,0.5,20.7,2.5,114.0
Bakers,51-3011,Line item,200.8,217.0,0.1,0.1,16.3,8.1,31.3
"Butchers and other meat, poultry, and fish processing workers",51-3020,Summary,372.6,367.9,0.2,0.2,-4.7,-1.3,46.1
Butchers and meat cutters,51-3021,Line item,146.9,142.0,0.1,0.1,-4.9,-3.3,17.7
"Meat, poultry, and fish cutters and trimmers",51-3022,Line item,137.3,139.1,0.1,0.1,1.8,1.3,17.5
Slaughterers and meat packers,51-3023,Line item,88.3,86.7,0.1,0.1,-1.6,-1.8,10.8
Miscellaneous food processing workers,51-3090,Summary,257.5,266.6,0.2,0.2,9.1,3.5,36.7
"Food and tobacco roasting, baking, and drying machine operators and tenders",51-3091,Line item,21.1,21.6,0.0,0.0,0.5,2.2,2.8
Food batchmakers,51-3092,Line item,159.9,168.7,0.1,0.1,8.8,5.5,23.5
Food cooking machine operators and tenders,51-3093,Line item,27.2,27.0,0.0,0.0,-0.2,-0.8,5.0
"Food processing workers, all other",51-3099,Line item,49.3,49.4,0.0,0.0,0.1,0.2,5.4
Metal workers and plastic workers,51-4000,Summary,"1,695.9","1,665.5",1.1,1.0,-30.4,-1.8,178.2
"Forming machine setters, operators, and tenders, metal and plastic",51-4020,Summary,104.5,99.3,0.1,0.1,-5.2,-5.0,10.5
"Extruding and drawing machine setters, operators, and tenders, metal and plastic",51-4021,Line item,60.6,61.0,0.0,0.0,0.4,0.7,6.6
"Forging machine setters, operators, and tenders, metal and plastic",51-4022,Line item,11.8,9.6,0.0,0.0,-2.2,-18.3,0.9
"Rolling machine setters, operators, and tenders, metal and plastic",51-4023,Line item,32.1,28.7,0.0,0.0,-3.5,-10.9,2.9
"Machine tool cutting setters, operators, and tenders, metal and plastic",51-4030,Summary,294.4,269.3,0.2,0.2,-25.1,-8.5,29.6
"Cutting, punching, and press machine setters, operators, and tenders, metal and plastic",51-4031,Line item,183.3,170.1,0.1,0.1,-13.2,-7.2,17.1
"Drilling and boring machine tool setters, operators, and tenders, metal and plastic",51-4032,Line item,6.9,5.6,0.0,0.0,-1.3,-18.6,0.7
"Grinding, lapping, polishing, and buffing machine tool setters, operators, and tenders, metal and plastic",51-4033,Line item,69.0,63.0,0.0,0.0,-6.1,-8.8,7.8
"Lathe and turning machine tool setters, operators, and tenders, metal and plastic",51-4034,Line item,20.0,18.2,0.0,0.0,-1.8,-9.1,2.4
"Milling and planing machine setters, operators, and tenders, metal and plastic",51-4035,Line item,15.2,12.5,0.0,0.0,-2.7,-17.7,1.6
Machinists,51-4041,Line item,342.6,350.7,0.2,0.2,8.1,2.4,37.5
"Metal furnace operators, tenders, pourers, and casters",51-4050,Summary,22.7,20.8,0.0,0.0,-1.9,-8.2,2.1
Metal-refining furnace operators and tenders,51-4051,Line item,15.9,14.9,0.0,0.0,-1.0,-6.4,1.5
"Pourers and casters, metal",51-4052,Line item,6.7,5.9,0.0,0.0,-0.8,-12.5,0.6
"Model makers and patternmakers, metal and plastic",51-4060,Summary,5.9,5.4,0.0,0.0,-0.5,-8.2,0.5
"Model makers, metal and plastic",51-4061,Line item,3.8,3.5,0.0,0.0,-0.3,-7.1,0.3
"Patternmakers, metal and plastic",51-4062,Line item,2.1,1.9,0.0,0.0,-0.2,-10.2,0.2
"Molders and molding machine setters, operators, and tenders, metal and plastic",51-4070,Summary,180.1,177.6,0.1,0.1,-2.5,-1.4,18.0
Foundry mold and coremakers,51-4071,Line item,14.0,12.4,0.0,0.0,-1.6,-11.1,1.2
"Molding, coremaking, and casting machine setters, operators, and tenders, metal and plastic",51-4072,Line item,166.1,165.2,0.1,0.1,-0.9,-0.6,16.8
"Multiple machine tool setters, operators, and tenders, metal and plastic",51-4081,Line item,139.5,143.4,0.1,0.1,4.0,2.8,15.3
Tool and die makers,51-4111,Line item,65.1,61.0,0.0,0.0,-4.2,-6.4,6.5
"Welding, soldering, and brazing workers",51-4120,Summary,460.3,464.6,0.3,0.3,4.3,0.9,50.7
"Welders, cutters, solderers, and brazers",51-4121,Line item,428.0,434.9,0.3,0.3,6.9,1.6,47.6
"Welding, soldering, and brazing machine setters, operators, and tenders",51-4122,Line item,32.3,29.7,0.0,0.0,-2.6,-7.9,3.1
Miscellaneous metal workers and plastic workers,51-4190,Summary,80.8,73.3,0.1,0.0,-7.5,-9.3,7.4
"Heat treating equipment setters, operators, and tenders, metal and plastic",51-4191,Line item,14.9,13.5,0.0,0.0,-1.5,-9.8,1.3
"Layout workers, metal and plastic",51-4192,Line item,7.1,6.4,0.0,0.0,-0.7,-10.0,0.6
"Plating machine setters, operators, and tenders, metal and plastic",51-4193,Line item,33.0,29.6,0.0,0.0,-3.4,-10.4,3.0
"Tool grinders, filers, and sharpeners",51-4194,Line item,6.3,5.8,0.0,0.0,-0.5,-7.9,0.6
"Metal workers and plastic workers, all other",51-4199,Line item,19.4,18.0,0.0,0.0,-1.4,-7.1,1.8
Printing workers,51-5100,Summary,221.3,181.3,0.1,0.1,-40.0,-18.1,18.5
Prepress technicians and workers,51-5111,Line item,26.0,20.1,0.0,0.0,-5.9,-22.7,2.4
Printing press operators,51-5112,Line item,153.1,129.4,0.1,0.1,-23.7,-15.5,13.2
Print binding and finishing workers,51-5113,Line item,42.2,31.8,0.0,0.0,-10.5,-24.8,2.8
"Textile, apparel, and furnishings workers",51-6000,Summary,498.4,495.3,0.3,0.3,-3.1,-0.6,64.4
Laundry and dry-cleaning workers,51-6011,Line item,164.0,183.5,0.1,0.1,19.5,11.9,26.6
"Pressers, textile, garment, and related materials",51-6021,Line item,27.9,25.2,0.0,0.0,-2.7,-9.6,2.9
Sewing machine operators,51-6031,Line item,127.0,116.5,0.1,0.1,-10.5,-8.3,14.0
Shoe and leather workers,51-6040,Summary,11.9,11.2,0.0,0.0,-0.7,-5.9,1.4
Shoe and leather workers and repairers,51-6041,Line item,7.3,6.9,0.0,0.0,-0.4,-5.1,0.9
Shoe machine operators and tenders,51-6042,Line item,4.7,4.3,0.0,0.0,-0.3,-7.2,0.5
"Tailors, dressmakers, and sewers",51-6050,Summary,43.5,43.8,0.0,0.0,0.3,0.7,6.2
"Sewers, hand",51-6051,Line item,8.5,8.4,0.0,0.0,-0.1,-1.0,1.2
"Tailors, dressmakers, and custom sewers",51-6052,Line item,35.0,35.5,0.0,0.0,0.4,1.2,5.0
"Textile machine setters, operators, and tenders",51-6060,Summary,58.8,50.9,0.0,0.0,-7.9,-13.4,6.6
Textile bleaching and dyeing machine operators and tenders,51-6061,Line item,6.5,5.6,0.0,0.0,-1.0,-14.6,0.7
"Textile cutting machine setters, operators, and tenders",51-6062,Line item,12.3,10.8,0.0,0.0,-1.5,-12.2,1.4
"Textile knitting and weaving machine setters, operators, and tenders",51-6063,Line item,17.0,14.4,0.0,0.0,-2.6,-15.1,1.9
"Textile winding, twisting, and drawing out machine setters, operators, and tenders",51-6064,Line item,23.0,20.1,0.0,0.0,-2.9,-12.4,2.6
"Miscellaneous textile, apparel, and furnishings workers",51-6090,Summary,65.3,64.1,0.0,0.0,-1.1,-1.7,6.7
"Extruding and forming machine setters, operators, and tenders, synthetic and glass fibers",51-6091,Line item,14.4,13.7,0.0,0.0,-0.6,-4.2,1.5
Fabric and apparel patternmakers,51-6092,Line item,3.2,2.8,0.0,0.0,-0.4,-12.7,0.3
Upholsterers,51-6093,Line item,34.5,35.7,0.0,0.0,1.2,3.3,3.7
"Textile, apparel, and furnishings workers, all other",51-6099,Line item,13.1,11.9,0.0,0.0,-1.3,-9.7,1.2
Woodworkers,51-7000,Summary,250.3,259.4,0.2,0.2,9.2,3.7,28.6
Cabinetmakers and bench carpenters,51-7011,Line item,102.9,106.5,0.1,0.1,3.6,3.5,11.5
Furniture finishers,51-7021,Line item,18.7,19.1,0.0,0.0,0.4,2.2,2.7
"Model makers and patternmakers, wood",51-7030,Summary,0.8,0.8,0.0,0.0,0.1,7.5,0.1
"Model makers, wood",51-7031,Line item,0.5,0.5,0.0,0.0,0.0,7.3,0.1
"Patternmakers, wood",51-7032,Line item,0.3,0.3,0.0,0.0,0.0,7.8,0.0
"Woodworking machine setters, operators, and tenders",51-7040,Summary,116.5,120.7,0.1,0.1,4.2,3.6,13.0
"Sawing machine setters, operators, and tenders, wood",51-7041,Line item,47.1,49.0,0.0,0.0,1.9,4.1,5.7
"Woodworking machine setters, operators, and tenders, except sawing",51-7042,Line item,69.4,71.7,0.0,0.0,2.2,3.2,7.2
"Woodworkers, all other",51-7099,Line item,11.4,12.3,0.0,0.0,0.9,7.7,1.4
Plant and system operators,51-8000,Summary,290.4,276.1,0.2,0.2,-14.3,-4.9,27.6
"Power plant operators, distributors, and dispatchers",51-8010,Summary,43.7,37.3,0.0,0.0,-6.5,-14.8,3.2
Nuclear power reactor operators,51-8011,Line item,4.8,3.5,0.0,0.0,-1.3,-26.8,0.3
Power distributors and dispatchers,51-8012,Line item,9.7,9.1,0.0,0.0,-0.6,-6.6,0.8
Power plant operators,51-8013,Line item,29.2,24.7,0.0,0.0,-4.5,-15.5,2.1
Stationary engineers and boiler operators,51-8021,Line item,32.5,33.8,0.0,0.0,1.3,4.0,4.2
Water and wastewater treatment plant and system operators,51-8031,Line item,125.2,116.6,0.1,0.1,-8.6,-6.9,10.8
Miscellaneous plant and system operators,51-8090,Summary,88.9,88.4,0.1,0.1,-0.5,-0.6,9.3
Chemical plant and system operators,51-8091,Line item,22.4,22.1,0.0,0.0,-0.2,-1.1,2.3
Gas plant operators,51-8092,Line item,15.3,14.0,0.0,0.0,-1.4,-9.0,1.4
"Petroleum pump system operators, refinery operators, and gaugers",51-8093,Line item,35.3,36.4,0.0,0.0,1.0,3.0,3.9
"Plant and system operators, all other",51-8099,Line item,15.9,15.9,0.0,0.0,0.1,0.4,1.7
Other production occupations,51-9000,Summary,"2,531.6","2,528.7",1.6,1.5,-2.9,-0.1,297.8
"Chemical processing machine setters, operators, and tenders",51-9010,Summary,161.9,156.8,0.1,0.1,-5.1,-3.1,16.0
Chemical equipment operators and tenders,51-9011,Line item,110.3,104.8,0.1,0.1,-5.5,-5.0,10.6
"Separating, filtering, clarifying, precipitating, and still machine setters, operators, and tenders",51-9012,Line item,51.6,52.0,0.0,0.0,0.5,0.9,5.4
"Crushing, grinding, polishing, mixing, and blending workers",51-9020,Summary,159.2,158.0,0.1,0.1,-1.2,-0.7,17.5
"Crushing, grinding, and polishing machine setters, operators, and tenders",51-9021,Line item,32.1,31.4,0.0,0.0,-0.7,-2.2,3.5
"Grinding and polishing workers, hand",51-9022,Line item,16.1,13.1,0.0,0.0,-3.0,-18.7,1.3
"Mixing and blending machine setters, operators, and tenders",51-9023,Line item,111.0,113.5,0.1,0.1,2.5,2.3,12.8
Cutting workers,51-9030,Summary,66.5,62.9,0.0,0.0,-3.6,-5.4,8.0
"Cutters and trimmers, hand",51-9031,Line item,8.2,5.9,0.0,0.0,-2.3,-28.4,0.7
"Cutting and slicing machine setters, operators, and tenders",51-9032,Line item,58.3,57.0,0.0,0.0,-1.3,-2.2,7.3
"Extruding, forming, pressing, and compacting machine setters, operators, and tenders",51-9041,Line item,58.4,60.8,0.0,0.0,2.5,4.2,6.3
"Furnace, kiln, oven, drier, and kettle operators and tenders",51-9051,Line item,15.3,15.7,0.0,0.0,0.4,2.7,1.8
"Inspectors, testers, sorters, samplers, and weighers",51-9061,Line item,571.6,554.5,0.4,0.3,-17.2,-3.0,67.8
Jewelers and precious stone and metal workers,51-9071,Line item,45.8,46.4,0.0,0.0,0.6,1.4,6.1
Dental and ophthalmic laboratory technicians and medical appliance technicians,51-9080,Summary,73.3,74.7,0.0,0.0,1.4,1.9,9.9
Dental laboratory technicians,51-9081,Line item,36.7,36.5,0.0,0.0,-0.3,-0.7,4.8
Medical appliance technicians,51-9082,Line item,16.4,17.3,0.0,0.0,0.9,5.3,2.3
Ophthalmic laboratory technicians,51-9083,Line item,20.2,20.9,0.0,0.0,0.7,3.7,2.8
Packaging and filling machine operators and tenders,51-9111,Line item,362.6,377.4,0.2,0.2,14.8,4.1,43.8
Painting workers,51-9120,Summary,172.9,177.8,0.1,0.1,4.8,2.8,17.9
"Painting, coating, and decorating workers",51-9123,Line item,13.0,13.4,0.0,0.0,0.4,3.3,1.4
"Coating, painting, and spraying machine setters, operators, and tenders",51-9124,Line item,160.0,164.4,0.1,0.1,4.4,2.8,16.6
Semiconductor processing technicians,51-9141,Line item,27.0,27.9,0.0,0.0,0.9,3.4,3.2
Photographic process workers and processing machine operators,51-9151,Line item,7.4,7.7,0.0,0.0,0.3,3.5,1.1
Computer numerically controlled tool operators and programmers,51-9160,Summary,186.7,179.4,0.1,0.1,-7.3,-3.9,18.3
Computer numerically controlled tool operators,51-9161,Line item,160.4,147.6,0.1,0.1,-12.8,-8.0,14.7
Computer numerically controlled tool programmers,51-9162,Line item,26.2,31.8,0.0,0.0,5.5,21.1,3.6
Miscellaneous production workers,51-9190,Summary,623.0,628.7,0.4,0.4,5.7,0.9,80.1
Adhesive bonding machine operators and tenders,51-9191,Line item,12.7,12.9,0.0,0.0,0.2,1.5,1.6
"Cleaning, washing, and metal pickling equipment operators and tenders",51-9192,Line item,14.5,15.5,0.0,0.0,1.0,6.8,1.8
Cooling and freezing equipment operators and tenders,51-9193,Line item,8.3,8.8,0.0,0.0,0.5,6.2,1.0
Etchers and engravers,51-9194,Line item,7.2,7.5,0.0,0.0,0.2,3.1,0.8
"Molders, shapers, and casters, except metal and plastic",51-9195,Line item,41.3,49.2,0.0,0.0,7.9,19.3,5.7
"Paper goods machine setters, operators, and tenders",51-9196,Line item,87.5,83.8,0.1,0.1,-3.7,-4.3,10.1
Tire builders,51-9197,Line item,17.7,19.1,0.0,0.0,1.4,8.1,2.1
Helpers--production workers,51-9198,Line item,206.9,190.3,0.1,0.1,-16.5,-8.0,28.7
"Production workers, all other",51-9199,Line item,226.9,241.6,0.1,0.1,14.7,6.5,28.3
Transportation and material moving occupations,53-0000,Summary,"13,350.7","14,212.6",8.4,8.5,861.8,6.5,"1,970.9"
Supervisors of transportation and material moving workers,53-1000,Summary,570.8,602.7,0.4,0.4,32.0,5.6,72.5
Aircraft cargo handling supervisors,53-1041,Line item,8.9,9.9,0.0,0.0,0.9,10.5,1.2
"First-line supervisors of transportation and material moving workers, except aircraft cargo handling supervisors",53-1047,Line item,561.8,592.9,0.4,0.4,31.0,5.5,71.3
Air transportation workers,53-2000,Summary,277.5,308.4,0.2,0.2,30.9,11.1,40.2
Aircraft pilots and flight engineers,53-2010,Summary,135.3,143.0,0.1,0.1,7.7,5.7,18.1
"Airline pilots, copilots, and flight engineers",53-2011,Line item,87.6,92.9,0.1,0.1,5.2,6.0,11.8
Commercial pilots,53-2012,Line item,47.7,50.1,0.0,0.0,2.4,5.1,6.3
Air traffic controllers and airfield operations specialists,53-2020,Summary,35.9,37.1,0.0,0.0,1.2,3.3,4.0
Air traffic controllers,53-2021,Line item,22.9,23.0,0.0,0.0,0.1,0.6,2.4
Airfield operations specialists,53-2022,Line item,13.0,14.1,0.0,0.0,1.0,8.0,1.5
Flight attendants,53-2031,Line item,106.3,128.4,0.1,0.1,22.1,20.8,18.1
Motor vehicle operators,53-3000,Summary,"4,648.3","5,017.9",2.9,3.0,369.6,8.0,624.7
"Ambulance drivers and attendants, except emergency medical technicians",53-3011,Line item,11.9,11.7,0.0,0.0,-0.1,-1.0,1.8
Driver/sales workers and truck drivers,53-3030,Summary,"3,735.4","4,000.5",2.4,2.4,265.1,7.1,479.8
Driver/sales workers,53-3031,Line item,531.0,594.5,0.3,0.4,63.5,12.0,72.3
Heavy and tractor-trailer truck drivers,53-3032,Line item,"2,094.7","2,185.6",1.3,1.3,90.9,4.3,259.9
Light truck drivers,53-3033,Line item,"1,109.7","1,220.4",0.7,0.7,110.7,10.0,147.6
Passenger vehicle drivers,53-3050,Summary,832.6,931.6,0.5,0.6,98.9,11.9,131.1
"Bus drivers, school",53-3051,Line item,354.7,378.2,0.2,0.2,23.4,6.6,59.5
"Bus drivers, transit and intercity",53-3052,Line item,159.9,173.0,0.1,0.1,13.1,8.2,23.3
Shuttle drivers and chauffeurs,53-3053,Line item,189.5,215.2,0.1,0.1,25.8,13.6,29.0
Taxi drivers,53-3054,Line item,128.5,165.1,0.1,0.1,36.6,28.5,19.4
"Motor vehicle operators, all other",53-3099,Line item,68.4,74.1,0.0,0.0,5.7,8.3,11.9
Rail transportation workers,53-4000,Summary,88.2,91.7,0.1,0.1,3.4,3.9,8.8
Locomotive engineers and operators,53-4010,Summary,30.4,31.7,0.0,0.0,1.3,4.4,3.0
Locomotive engineers,53-4011,Line item,26.6,27.9,0.0,0.0,1.3,4.7,2.6
"Rail yard engineers, dinkey operators, and hostlers",53-4013,Line item,3.8,3.8,0.0,0.0,0.1,2.1,0.4
"Railroad brake, signal, and switch operators and locomotive firers",53-4022,Line item,11.8,11.9,0.0,0.0,0.1,1.2,1.3
Railroad conductors and yardmasters,53-4031,Line item,34.3,35.9,0.0,0.0,1.6,4.7,3.2
Subway and streetcar operators,53-4041,Line item,10.6,10.9,0.0,0.0,0.4,3.5,1.2
"Rail transportation workers, all other",53-4099,Line item,1.2,1.2,0.0,0.0,0.0,-1.2,0.1
Water transportation workers,53-5000,Summary,75.4,75.9,0.0,0.0,0.5,0.6,8.7
Sailors and marine oilers,53-5011,Line item,27.6,27.7,0.0,0.0,0.1,0.4,3.3
Ship and boat captains and operators,53-5020,Summary,39.9,40.3,0.0,0.0,0.4,1.1,4.5
"Captains, mates, and pilots of water vessels",53-5021,Line item,36.8,37.2,0.0,0.0,0.4,1.2,4.1
Motorboat operators,53-5022,Line item,3.1,3.1,0.0,0.0,0.0,-0.2,0.3
Ship engineers,53-5031,Line item,7.9,7.8,0.0,0.0,-0.1,-0.7,0.9
Other transportation workers,53-6000,Summary,294.8,302.6,0.2,0.2,7.7,2.6,45.0
Bridge and lock tenders,53-6011,Line item,4.2,4.2,0.0,0.0,0.0,0.0,0.5
Parking attendants,53-6021,Line item,95.9,101.3,0.1,0.1,5.4,5.6,14.8
Transportation service attendants,53-6030,Summary,125.8,126.8,0.1,0.1,0.9,0.7,19.8
Automotive and watercraft service attendants,53-6031,Line item,113.6,113.2,0.1,0.1,-0.4,-0.4,17.7
Aircraft service attendants,53-6032,Line item,12.3,13.6,0.0,0.0,1.3,10.7,2.2
Traffic technicians,53-6041,Line item,8.0,8.2,0.0,0.0,0.2,2.3,1.0
Transportation inspectors,53-6051,Line item,24.9,25.4,0.0,0.0,0.5,1.8,2.8
Passenger attendants,53-6061,Line item,21.5,21.7,0.0,0.0,0.2,0.8,4.0
"Transportation workers, all other",53-6099,Line item,14.5,15.1,0.0,0.0,0.7,4.6,1.9
Material moving workers,53-7000,Summary,"7,395.7","7,813.4",4.7,4.7,417.7,5.6,"1,171.1"
Conveyor operators and tenders,53-7011,Line item,34.6,37.0,0.0,0.0,2.4,7.0,5.0
Crane and tower operators,53-7021,Line item,45.1,45.2,0.0,0.0,0.2,0.4,4.8
Dredge operators,53-7031,Line item,2.0,2.1,0.0,0.0,0.1,2.9,0.3
Hoist and winch operators,53-7041,Line item,3.2,3.2,0.0,0.0,0.0,1.0,0.4
Industrial truck and tractor operators,53-7051,Line item,767.4,821.6,0.5,0.5,54.2,7.1,95.3
Laborers and material movers,53-7060,Summary,"6,334.3","6,685.1",4.0,4.0,350.8,5.5,"1,035.4"
Cleaners of vehicles and equipment,53-7061,Line item,391.7,414.3,0.2,0.2,22.7,5.8,59.9
"Laborers and freight, stock, and material movers, hand",53-7062,Line item,"2,806.5","2,974.8",1.8,1.8,168.4,6.0,421.9
Machine feeders and offbearers,53-7063,Line item,61.2,65.0,0.0,0.0,3.9,6.3,10.8
"Packers and packagers, hand",53-7064,Line item,602.3,600.3,0.4,0.4,-2.0,-0.3,92.4
Stockers and order fillers,53-7065,Line item,"2,472.7","2,630.6",1.6,1.6,157.9,6.4,450.4
Pumping station operators,53-7070,Summary,32.1,33.9,0.0,0.0,1.8,5.8,4.2
Gas compressor and gas pumping station operators,53-7071,Line item,3.0,3.0,0.0,0.0,0.0,-0.1,0.4
"Pump operators, except wellhead pumpers",53-7072,Line item,11.0,12.3,0.0,0.0,1.3,11.4,1.5
Wellhead pumpers,53-7073,Line item,18.0,18.6,0.0,0.0,0.6,3.3,2.3
Refuse and recyclable material collectors,53-7081,Line item,138.7,146.2,0.1,0.1,7.5,5.4,20.6
"Tank car, truck, and ship loaders",53-7121,Line item,13.5,13.1,0.0,0.0,-0.3,-2.5,1.7
"Material moving workers, all other",53-7199,Line item,25.0,26.0,0.0,0.0,1.1,4.3,3.5
"Source: Employment Projections program, U.S. Bureau of Labor Statistics",,,,,,,,,